domain,entity,date_time,title,excerpt,article_url,image_url,author,author_url,category,predict
insidebitcoins,Basic Attention Token,2020-04-13 00:00:00,Japanese Crypto Exchange to List Brave Browser’s Basic Attention Token,"Basic Attention Token (BAT), or the asset that works with the Brave Web Browser, will be listed on the BitFlyer exchange in Japan. According to […]",https://insidebitcoins.com/news/japanese-crypto-exchange-to-list-brave-browsers-basic-attention-token,https://insidebitcoins.com/wp-content/uploads/2019/08/Brave-To-Integrate-New-Native-Crypto-Wallets-To-Its-Browser-1024x576.jpg,,,,0
bitcoin,Binance,2020-03-31 00:00:00,The Crypto Industry’s $400M Cash and Stock Deal – Binance to Acquire Coinmarketcap.com, The popular cryptocurrency exchange Binance is allegedly in talks with the owners of coinmarketcap.com in hopes of purchasing the website for $400 million. People...,https://news.bitcoin.com/binance-acquire-coinmarketcap-com-400m-cash-stock-deal/,https://news.bitcoin.com/wp-content/uploads/2020/03/binancetakeover-150x150.jpg,,,News,0
bitcoin,Binance,2020-02-26 00:00:00,"Bitcoin in INR: Binance, Wazirx, Cashaa, Zebpay Announce New Offers for India", Several cryptocurrency exchanges in India have recently stepped up their offerings as they wait for the supreme court's decision on the RBI ban. Binance...,https://news.bitcoin.com/bitcoin-inr-india/,https://news.bitcoin.com/wp-content/uploads/2019/02/bitcoin-to-inr-150x150.jpg,,,Exchanges,0
bitnewstoday,Binance,2020-06-24 00:00:00,Chainlink Will Work With A Chinese Government Company,"... will provide nodes for lightweight and efficient data processing applications for working on distributed devices.It is worth noting that Chainlink already has more than 50 partnership contracts, including such major players as Google Cloud, Oracle and Binance. Partnership with BSN only strengthens Chainlink's reputation as a project integrating the blockchain ecosystem.Image courtesy of CoinCodex",https://bitnewstoday.com/news/chainlink-will-work-with-a-chinese-government-company/,https://bitnewstoday.com/upload/iblock/c1b/c1be4a44176a73246e39852fbed1df8b.png,,,,0
bitnewstoday,Binance,2020-04-08 00:00:00,Italian Expert: Cryptocurrency Bubble Grows and Will Surely Explode,"... or false call centers and check the sites for official permission to operate with cryptocurrencies issued by the Italian Supervisory Banking Authority (CONSOB).According to Gian Luca COMANDINI, the guarantee, and a kind of “quality mark,” is Binance, with its multi-billion-dollar turnover and annual revenue from commissions of $1 bln.",https://bitnewstoday.com/news/italian-expert-cryptocurrency-bubble-grows-and-will-surely-explode/,https://bitnewstoday.com/upload/iblock/e4b/e4b99ace266021320e83843d258bb93f.png,,,,0
bitnewstoday,Binance,2020-04-08 00:00:00,OKEX Announces the Conversion of Micro Balances into Its Native Tokens,"... of digital assets.According to the announcement of April 7, OKEX offers users the opportunity to convert all crypto assets with balances which are less than 0.001 BTC (~ $ 7.30) into its native token OKB. This feature works similar to the “dust” Binance system, which converts small balances of assets into Binance Coin (BNB).In order to convert, it is necessary to have a total balance less than 0.01 BTC, with no limits on converting times. Suspended transactions and assets excluded from the list ...",https://bitnewstoday.com/news/okex-announces-the-conversion-of-micro-balances-into-its-native-tokens/,https://bitnewstoday.com/upload/iblock/b5e/b5ea79feaa75add7c9a8991060265e81.jpeg,,,,0
bitnewstoday,Binance,2020-04-02 00:00:00,Binance Confirms Acquisition of CoinMarketCap,"The largest provider of market data will continue to operate as an independent business entity. CoinMarketCap was founded in 2013, Brandon Chez to step down
The Binance crypto exchange confirmed the acquisitionof CoinMarketCap, adding that the largest market data provider will continue to operate as an independent business entity. CoinMarketCap was founded in 2013 and is headquartered in Dover, Delaware.No ...",https://bitnewstoday.com/news/breaking-binance-confirms-acquisition-of-coinmarketcap/,https://bitnewstoday.com/upload/iblock/140/140627668655f56d96dedd2ce41707e1.jpg,,,,0
bitnewstoday,Binance,2020-02-07 00:00:00,SEC Commissioner Hester Peirce Proposes To Introduce “Grace” Period For Token Sales,"... will monitor the growth of the company for three years to determine if the company has reached “network maturity”. This will require an assessment of certain facts and circumstances.In the crypto community, Peirce's proposal has been appreciated. Binance.US CEO Catherine COLEYhas shared her opinion and called the SEC Secretary’s proposal the “most groundbreaking development for the U.S. cryptocurrency market to date.”Image courtesy of WSJ",https://bitnewstoday.com/news/sec-commissioner-hester-peirce-proposes-to-introduce-grace-period-for-token-sales/,https://bitnewstoday.com/upload/iblock/38b/38bddebbf70c0566d92e00a915061920.jpg,,,,0
insidebitcoins,Binance,2020-06-26 00:00:00,Hdac and Binance-Backed CertiK To Track IoT Devices Through Blockchain,"The blockchain platform of Hdac actively strives to try and combine seamless mapping, authentication, as well as machine-to-machine transactions into a blockchain network that holds […]",https://insidebitcoins.com/news/hdac-and-binance-backed-certik-to-track-iot-devices-through-blockchain,https://insidebitcoins.com/wp-content/uploads/2020/03/Binance-US1-1024x576.jpg,,,,0
insidebitcoins,Binance,2020-06-18 00:00:00,Binance Becomes Member of India’s IAMAI Crypto Exchange Committee,"On Thursday, the global crypto exchange, Binance, had announced that it would join the Internet and Mobile Association of India, or IAMAI. IAMAI is a […]",https://insidebitcoins.com/news/binance-becomes-member-of-indias-iamai-crypto-exchange-committee,https://insidebitcoins.com/wp-content/uploads/2019/10/BINANCE.png,,,,0
insidebitcoins,Binance,2020-06-18 00:00:00,Binance Pool Now Accounts for the Most Mined Bitcoin SV Tokens,"Binance is already the largest cryptocurrency exchange in the world. However, the firm also appears to be making a bit of a splash in mining […]",https://insidebitcoins.com/news/binance-pool-now-accounts-for-the-most-mined-bitcoin-sv-tokens,https://insidebitcoins.com/wp-content/uploads/2020/06/Binance-mining-pool.jpg,,,,0
insidebitcoins,Binance,2020-06-17 00:00:00,Binance Unveils Options Contracts for XRP and Ethereum,"Binance stands as one of the largest players within the crypto industry, being one of the cryptocurrency exchanges the world has to offer. Recently, Binance […]",https://insidebitcoins.com/news/binance-unveils-options-contracts-for-xrp-and-ethereum,https://insidebitcoins.com/wp-content/uploads/2019/11/Binance-US1-1024x576.jpg,,,,0
insidebitcoins,Binance,2020-04-27 00:00:00,"BitPay, Binance Partner to Push Exchange’s BUSD Stablecoin","Binance, the world’s largest cryptocurrency exchange, is partnering with BitPay, the “world’s largest provider of blockchain payment services, to push BUSD to more customers. BUSD […]",https://insidebitcoins.com/news/bitpay-binance-partner-to-push-exchanges-busd-stablecoin,https://insidebitcoins.com/wp-content/uploads/2015/09/bitpay-logo-700x372.png,,,,0
insidebitcoins,Binance,2020-06-14 00:00:00,Binance Smart Chain Receives Flak Due To Centralization,The new “Binance Smart Chain” whitepaper that was recently introduced has been subject to many criticisms within the crypto community.  The main concern is the […],https://insidebitcoins.com/news/binance-smart-chain-receives-flak-due-to-centralization,https://insidebitcoins.com/wp-content/uploads/2019/11/Binance-CEO-Applauds-Turkey-For-State-Owned-Crypto-Development-1024x749.jpg,,,,0
insidebitcoins,Binance,2020-06-12 00:00:00,Binance Logs Record Number Of Quarterly Volumes,"Binance, one of the biggest cryptocurrency exchanges the world has to offer, has recently recorded one of the highest quarterly volumes the exchange has seen. […]",https://insidebitcoins.com/news/binance-logs-record-number-of-quarterly-volumes,https://insidebitcoins.com/wp-content/uploads/2020/03/binance-coin-altcoin-crypto-shutterstock_1384312553-540x340-1.jpg,,,,0
insidebitcoins,Binance,2020-06-17 00:00:00,Binance Now Sits With $1 Billion In USDT,"There is no argument that the USDT stablecoin, coming from Tether, has become one of the most used forms of crypto in the modern age. […]",https://insidebitcoins.com/news/binance-now-sits-with-1-billion-in-usdt,https://insidebitcoins.com/wp-content/uploads/2019/05/binance-coin.jpg,,,,0
insidebitcoins,Binance,2020-04-10 00:00:00,Binance Shuts Down $1 Million Theft Accusations,Cryptocurrency exchange Binance has come out to hit back against rumors that it embezzled money from a customer whose account was frozen. According to a company […],https://insidebitcoins.com/news/binance-shuts-down-1-million-theft-accusations,https://insidebitcoins.com/wp-content/uploads/2020/04/Binance1-1024x576.png,,,,1
insidebitcoins,Binance,2020-06-14 00:00:00,Binance Hit With Accusations of Embezzlement Of Almost $1M,"HackControl, a cybersecurity firm, has recently had its representatives reveal to the public of allegations thrown at Binance that the firm is involved in embezzlement. […]",https://insidebitcoins.com/news/binance-hit-with-accusations-of-embezzlement-of-almost-1m,https://insidebitcoins.com/wp-content/uploads/2019/10/Binance-1024x576.jpg,,,,0
insidebitcoins,Binance,2020-03-25 00:00:00,Binance Goes Ahead With HIVE Token Distribution Amid Naming Rights Feud,"Popular cryptocurrency exchange Binance has found itself embroiled in a bit of a scandal involving the Hive blockchain, as the exchange is going ahead with […]",https://insidebitcoins.com/news/binance-goes-ahead-with-hive-token-distribution-amid-naming-rights-feud,https://insidebitcoins.com/wp-content/uploads/2020/03/binance-coin-altcoin-crypto-shutterstock_1384312553-540x340-1.jpg,,,,0
insidebitcoins,Binance,2020-06-17 00:00:00,"Binance Moves To South Africa, Enabling ZAR Fiat Deposits","Changpeng Zhao, the outspoken CEO of Binance, one of the largest cryptocurrency exchanges in the world, has recently made an announcement. This announcement is in […]",https://insidebitcoins.com/news/binance-moves-to-south-africa-enabling-zar-fiat-deposits,https://insidebitcoins.com/wp-content/uploads/2018/08/Optimized-zhao-chanpeng-1024x640-1024x640.jpg,,,,0
insidebitcoins,Binance,2020-06-11 00:00:00,Binance’s Changpeng Zhao Comments on Warren Buffett’s Anti-Crypto Push,"Warren Buffett, the legendary investor and CEO of Berkshire Hathaway, has recently reaffirmed his abysmal opinion when it comes to cryptocurrencies as a whole. He […]",https://insidebitcoins.com/news/binances-changpeng-zhao-comments-on-warren-buffetts-anti-crypto-push,https://insidebitcoins.com/wp-content/uploads/2019/11/Binance-CEO-Applauds-Turkey-For-State-Owned-Crypto-Development-1024x749.jpg,,,,0
insidebitcoins,Binance,2020-02-23 00:00:00,Binance CEO Gives Dodgy Explanation on the Firm’s Headquarter Situation ,"Changpeng “CZ” Zhao, the chief executive of cryptocurrency exchange Binance, is facing questions about the headquarters of his company after recent events unfolded in Malta.  […]",https://insidebitcoins.com/news/binance-ceo-gives-dodgy-explanation-on-the-firms-headquarter-situation,https://insidebitcoins.com/wp-content/uploads/2019/11/Binance-CEO-Applauds-Turkey-For-State-Owned-Crypto-Development-1024x749.jpg,,,,0
insidebitcoins,Binance,2020-02-22 00:00:00,Malta’s MFSA States That Binance Doesn’t Operate Under Its Jurisdiction,"In a bit of a surprising twist, the Malta Financial Services Authority, or MFSA, was forced to issue out a statement on Friday. The contents […]",https://insidebitcoins.com/news/maltas-mfsa-states-that-binance-doesnt-operate-under-its-jurisdiction,https://insidebitcoins.com/wp-content/uploads/2019/10/Binance-1024x576.jpg,,,,0
insidebitcoins,Binance,2020-02-18 00:00:00,Binance CEO Addresses Recent Service Outage As Bitcoin Crosses $10k,"The recent Bitcoin surge saw the asset cross the $10,000 threshold for the first time since September 2019. While the asset has adjusted and is […]",https://insidebitcoins.com/news/binance-ceo-addresses-recent-service-outage-as-bitcoin-crosses-10k,https://insidebitcoins.com/wp-content/uploads/2019/11/Binance-CEO-Applauds-Turkey-For-State-Owned-Crypto-Development-1024x749.jpg,,,,0
insidebitcoins,Binance,2020-06-12 00:00:00,Binance Strives For Singapore Market Expansion,"As it stands now, Singapore is one of the new frontiers of the crypto industry. The country has recently opened its doors to the crypto […]",https://insidebitcoins.com/news/binance-strives-for-singapore-market-expansion,https://insidebitcoins.com/wp-content/uploads/2019/08/Binance-CEO-Says-Futures-Trading-Platform-To-Be-Launched-Next-Month-1024x576.jpeg,,,,0
insidebitcoins,Binance,2020-01-30 00:00:00,Josh Goodbody Acquired For Binance European/Latin American Expansion,"When one thinks of crypto exchanges, one of the first few names to pop up is the word “Binance.” The reasons why is a combination […]",https://insidebitcoins.com/news/josh-goodbody-acquired-for-binance-european-latin-american-expansion,https://insidebitcoins.com/wp-content/uploads/2019/08/Binance1-1024x576.png,,,,0
insidebitcoins,Binance,2020-06-14 00:00:00,"Four Exchanges Move 23 Million in XRP, Binance Gains Half","All across the Internet, some programs focus and notify users of whale transactions, that is transactions of such a size that it would impact the […]",https://insidebitcoins.com/news/four-exchanges-move-23-million-in-xrp-binance-gains-half,https://insidebitcoins.com/wp-content/uploads/2020/01/xrp-logo-featured-1024x720-1024x720.png,,,,0
insidebitcoins,Binance,2020-06-17 00:00:00,Binance Adds Thai And Australian Fiat Onramps With Latest Collaborations,"The 7th of January was a good day for Binance, it seems. The company managed to gain fiat on-ramps to two more countries: Thailand and […]",https://insidebitcoins.com/news/binance-adds-thai-and-australian-fiat-onramps-with-latest-collaborations,https://insidebitcoins.com/wp-content/uploads/2019/08/Binance1-1024x576.png,,,,0
nulltx,Binance,2020-06-07 17:30:54,Brave Redirected Users to its Binance Referral Link for an Unknown Period of Time,"A good controversy in the cryptocurrency industry is never far away. Brave, the browser renowned for its ad blocking and anti-tracking solution, is effectively...",https://nulltx.com/brave-redirected-users-to-its-binance-referral-link-for-an-unknown-period-of-time/,https://nulltx.com/wp-content/uploads/2018/10/brave-browser-150x150.jpg,JP Buntinx - ,https://nulltx.com/author/jdebunt2/,,0
nulltx,Binance,2020-05-01 23:00:50,Brave Desktop Browser now has a Native Binance Widget,"Integrating more functionality into a web browser is always a good way to increase market share. The Brave team acknowledges that, as it now...",https://nulltx.com/brave-desktop-browser-now-has-a-native-binance-widget/,https://nulltx.com/wp-content/uploads/2018/10/brave-browser-150x150.jpg,JP Buntinx - ,https://nulltx.com/author/jdebunt2/,,0
nulltx,Binance,2020-04-18 23:00:59,Binance Chain Won’t be an Ethereum Killer Despite Smart Contract Functionality,"For many years now, there have been ample rumors regarding blockchain projects competing with Ethereum. Binance is the latest entrant to throw its hat...",https://nulltx.com/binance-chain-wont-be-an-ethereum-killer-despite-smart-contract-functionality/,https://nulltx.com/wp-content/uploads/2018/09/binance-logo-150x150.jpg,JP Buntinx - ,https://nulltx.com/author/jdebunt2/,,0
bitcoin,Bitfinex,2020-06-12 00:00:00,Bitfinex Hackers Move Another $4.1 Million Bitcoin in Their Biggest Pay Day Yet," Cyber-thieves from the Bitfinex hack of four years ago continue to cash out, this time transferring the equivalent of $4.1 million in bitcoin to...",https://news.bitcoin.com/bitfinex-hackers-move-another-4-1-million-bitcoin-in-their-biggest-pay-day-yet/,https://news.bitcoin.com/wp-content/uploads/2020/06/7d7bccd6-9299-4efe-981e-b13f5f360c57-150x150.jpeg,,,Exchanges,1
bitcoin,Bitfinex,2020-06-02 00:00:00,Hackers Move Another $800K in BTC Stolen From the 2016 Bitfinex Breach," Another $800,000 worth of bitcoin from the Bitfinex hack of four years ago has been moved to an unknown wallet. Whale Alert reports that hackers...",https://news.bitcoin.com/hackers-move-another-800k-in-btc-stolen-from-the-2016-bitfinex-breach/,https://news.bitcoin.com/wp-content/uploads/2020/06/hackers-move-another-800k-in-btc-stolen-from-the-2016-bitfinex-breach-150x150.jpg,,,News,1
bitcoin,Bitfinex,2020-05-22 00:00:00,Bitcoin Worth $282K from the 2016 Bitfinex Hack on the Move," The cryptocurrency community has noticed a number of bitcoins from the August 2, 2016, Bitfinex breach has been moved. A small 30 BTC transaction...",https://news.bitcoin.com/bitcoin-worth-282k-from-the-2016-bitfinex-hack-on-the-move/,https://news.bitcoin.com/wp-content/uploads/2020/05/bitcoin-worth-282k-from-the-2016-bitfinex-hack-on-the-move-150x150.jpg,,,News,0
bitcoin,Bitfinex,2020-01-12 00:00:00,Bitfinex ‘Copycat’ Lawsuit Withdrawn and Then Refiled in New District," Ifinex Inc, parent firm of Bitfinex, finds its ongoing legal troubles further complicated as a November lawsuit has been withdrawn by the plaintiff and...",https://news.bitcoin.com/bitfinex-copycat-lawsuit-withdrawn-and-then-refiled-in-new-district/,https://news.bitcoin.com/wp-content/uploads/2020/01/shutterstock_705090544-150x150.jpg,,,News,0
insidebitcoins,Bitfinex,2020-06-13 00:00:00,"Bitfinex Makes $1.1 Billion Transaction In BTC, Only Pays $0.68","Those summarily dedicated to the crypto industry have an array of ways to notice “Whale” transactions, or transactions of incredible size within the industry. That […]",https://insidebitcoins.com/news/bitfinex-makes-1-1-billion-transaction-in-btc-only-pays-0-68,https://insidebitcoins.com/wp-content/uploads/2020/02/bitfinex.jpg,,,,0
insidebitcoins,Bitfinex,2020-01-31 00:00:00,Antonopoulos Recommends New York Law Firm Against Bitfinex,"Andreas Antonopoulos, a popular Bitcoin proponent, and podcast host, has decided to weigh in on the current legal case that involves cryptocurrency exchange Bitfinex and […]",https://insidebitcoins.com/news/antonopoulos-recommends-new-york-law-firm-against-bitfinex,https://insidebitcoins.com/wp-content/uploads/2018/10/wc-antonopoulos-1024x640-1024x640.jpg,,,,0
nulltx,Bitfinex,2020-06-12 17:00:00,Stolen Bitfinex Money is on the Move Again,"Over the years, there have been multiple cryptocurrency hacks and thefts. Some of these ventures have been resolved successfully, whereas others go dormant and...",https://nulltx.com/stolen-bitfinex-money-is-on-the-move-again/,https://nulltx.com/wp-content/uploads/2018/10/facebook-hack-150x150.jpg,JP Buntinx - ,https://nulltx.com/author/jdebunt2/,,0
nulltx,Bitfinex,2020-03-12 03:00:08,Tether Brings a lot of Money to Bitfinex Over Time,"Tether has proven to be a very popular stablecoin in the cryptocurrency. It is also making Bitfinex a ton of money, and will likely...",https://nulltx.com/tether-brings-a-lot-of-money-to-bitfinex-over-time/,https://nulltx.com/wp-content/uploads/2018/10/shutterstock_773287558-150x150.jpg,JP Buntinx - ,https://nulltx.com/author/jdebunt2/,,0
nulltx,Bitfinex,2020-01-11 04:00:14,The Lawsuit Involving Tether and Bitfinex has Been Re-submitted,Bitfinex and Tether have come under  a lot of scrutiny in recent years. So much even that an official lawsuit was filed against both...,https://nulltx.com/the-lawsuit-involving-tether-and-bitfinex-has-been-re-submitted/,https://nulltx.com/wp-content/uploads/2018/06/shutterstock_334984976-150x150.jpg,JP Buntinx - ,https://nulltx.com/author/jdebunt2/,,0
bitnewstoday,Bithumb,2020-03-13 00:00:00,Crypto Exchanges Are At Risk Due To Regulation In South Korea,"... have to comply with strict banking rules. These rules require all customers to use individual, real-name, exchange-linked bank accounts that are guaranteed by social security numbers. Currently, only the “big four” exchanges of the country Upbit, Bithumb, Korbit and Coinone adhere to these rules. But even they do not always succeed.Currently, there are about 200 crypto exchanges in the country, most of which are SMEs. Their number may be reduced to 10 by next year already. Under the new rules,...",https://bitnewstoday.com/news/crypto-exchanges-are-at-risk-due-to-regulation-in-south-korea/,https://bitnewstoday.com/upload/iblock/7e6/7e64a7916dd8a349a9b53af7f4734c16.png,,,,0
insidebitcoins,Bithumb,2020-03-11 00:00:00,Bithumb Partners with Chainalysis to Increase Transaction Verification,Popular cryptocurrency exchange Bithumb has announced that it will be partnering with blockchain analysis and data platform Chainalysis to help track activities on its platform. […],https://insidebitcoins.com/news/bithumb-partners-with-chainalysis-to-increase-transaction-verification,https://insidebitcoins.com/wp-content/uploads/2020/01/shutterstock_1196508784-1024x640.jpg,,,,0
nulltx,Bithumb,2020-03-10 09:04:23,BOSAGORA Continues to Impress as Digital Currency BOA Lists on Bithumb,"BOSAGORA, a next generation smart-contracting blockchain which showed impressive results in 2019, has now listed on the major South Korean exchange Bithumb. 
8th March 2020,...",https://nulltx.com/bosagora-continues-to-impress-as-digital-currency-boa-lists-on-bithumb/,https://nulltx.com/wp-content/uploads/2020/03/image1-150x150.png,Bitcoin PR Buzz - ,https://nulltx.com/author/bitcoinprbuzz/,,0
insidebitcoins,Bitpanda,2020-06-19 00:00:00,Bitpanda Pro Pushing For Crypto-To-Fiat and Regulatory Compliance,Bitpanda stands as heavyweight crypto firms in the European arena and is starting to reposition its professional offering to try and stay up to date. […],https://insidebitcoins.com/news/bitpanda-pro-pushing-for-crypto-to-fiat-and-regulatory-compliance,https://insidebitcoins.com/wp-content/uploads/2020/03/Bitpanda-Pro-Pushing-For-Crypto-To-Fiat-and-Regulatory-Compliance1-1024x538.png,,,,0
bitnewstoday,Bitstamp,2020-06-23 00:00:00,PayPal Payment System Will Add A Direct Exchange And Purchase Service For Cryptocurrencies,"PayPal and Venmo will add a new cryptocurrency service for direct transactions of cryptocurrencies in cooperation with the crypto exchanges Coinbase and Bitstamp
Cryptocurrencies are more often seen as a way to increase the number of users in fintech applications and create new sources of income. PayPal payment system and Venmo mobile payment service plan to deploy direct cryptocurrency exchange and ...",https://bitnewstoday.com/news/paypal-payment-system-will-add-a-direct-exchange-and-purchase-service-for-cryptocurrencies/,https://bitnewstoday.com/upload/iblock/182/182980a5ee8a0d2b2bc9e9e0dbc13a9c.jpg,,,,0
bitcoin,Bittrex,2020-06-08 00:00:00,"Poloniex, Bittrex Named in Lawsuit Involving the Alleged Tether-Fueled Crypto Pump"," On April 3, the cryptocurrency community learned about 11 class-action lawsuits against various executives and digital asset companies. The law firm that filed the...",https://news.bitcoin.com/poloniex-bittrex-named-in-lawsuit-involving-the-alleged-tether-fueled-crypto-pump/,https://news.bitcoin.com/wp-content/uploads/2020/06/poloniex-bittrex-named-in-lawsuit-involving-the-alleged-tether-fueled-crypto-pump-150x150.jpg,,,News,0
insidebitcoins,Bittrex,2020-06-17 00:00:00,Bittrex joins forces with IEO and the tokenizing of any asset by STP,Bittrex has publicly joined the Initial Exchange Offering (IEO) bid and will be staging the first subscription to STP – Standard Tokenization Protocol.  While these […],https://insidebitcoins.com/news/bittrex-joins-forces-with-ieo-and-the-tokenizing-of-any-asset-by-stp,https://insidebitcoins.com/wp-content/uploads/2019/04/bittrex-next-generation-exchange-1024x576.jpg,,,,0
nulltx,Bittrex,2020-06-21 22:00:09,Bittrex Global Users can now Fund Their Account With Mastercard,"Cryptocurrency exchanges will help the industry grow beyond its current capacity. Doing so requires accepting common payment methods, and Bittrex Global is doing exactly...",https://nulltx.com/bittrex-global-users-can-now-fund-their-account-with-mastercard/,https://nulltx.com/wp-content/uploads/2018/10/bittrex-150x150.jpg,JP Buntinx - ,https://nulltx.com/author/jdebunt2/,,0
bitnewstoday,Blockchain Cuties,2020-04-28 00:00:00,Samsung Galaxy Store Added Special Section for TRON DApps,"... Galaxy Store.Samsung smartphone users from Europe and the United States can now experience next-generation blockchain-based applications directly on their mobile devices. In a special section, there are already applications using this technology — Blockchain Cuties, Meerkat Mining, Timeloop, Super player and much more. It is known that TRON has recently overtaken EOS in the total number of dApps on the platform.Recently, the company has been noticeably active in terms of development and partnership. Less ...",https://bitnewstoday.com/news/samsung-galaxy-store-added-special-section-for-tron-dapps/,https://bitnewstoday.com/upload/iblock/9ef/9ef8287ccbf00ce988a0c4533dfcc184.jpg,,,,0
insidebitcoins,Cobinhood,2020-06-12 00:00:00,Cobinhood Crypto Exchange Shuts Down After Rumors of Bankruptcy,Cobinhood has been one of the more controversial cryptocurrency exchanges that have graced this green earth with its presence. The exchange has recently announced that […],https://insidebitcoins.com/news/cobinhood-crypto-exchange-shuts-down-after-rumors-of-bankruptcy,https://insidebitcoins.com/wp-content/uploads/2020/01/Cobinhood-Crypto-Exchange-Shuts-Down-After-Rumors-of-Bankruptcy.png,,,,0
bitcoin,Coinbase,2020-06-08 00:00:00,66% of Coinbase Users Willing to Leave the Exchange Due to Mounting Privacy Concerns, Two-thirds of people who use Coinbase are willing to leave the platform following reports that the U.S. exchange plans to sell user data to...,https://news.bitcoin.com/66-of-coinbase-users-willing-to-leave-the-exchange-due-to-mounting-privacy-concerns/,https://news.bitcoin.com/wp-content/uploads/2020/06/66-of-coinbase-users-willing-to-leave-the-exchange-due-to-mounting-privacy-concerns-150x150.jpg,,,Exchanges,0
bitcoin,Coinbase,2020-01-31 00:00:00,Google Executive From India Joins Coinbase as Chief Product Officer, A Google executive from India has joined Coinbase as the new chief product officer after 11 years at Google. He aims to help Coinbase...,https://news.bitcoin.com/google-coinbase/,https://news.bitcoin.com/wp-content/uploads/2019/01/google-150x150.jpg,,,News,0
bitnewstoday,Coinbase,2020-06-23 00:00:00,PayPal Payment System Will Add A Direct Exchange And Purchase Service For Cryptocurrencies,"PayPal and Venmo will add a new cryptocurrency service for direct transactions of cryptocurrencies in cooperation with the crypto exchanges Coinbase and Bitstamp
Cryptocurrencies are more often seen as a way to increase the number of users in fintech applications and create new sources of income. PayPal payment system and Venmo mobile payment service plan to deploy direct cryptocurrency ...",https://bitnewstoday.com/news/paypal-payment-system-will-add-a-direct-exchange-and-purchase-service-for-cryptocurrencies/,https://bitnewstoday.com/upload/iblock/182/182980a5ee8a0d2b2bc9e9e0dbc13a9c.jpg,,,,0
bitnewstoday,Coinbase,2020-06-08 00:00:00,Coinbase Develops Blockchain Platform To Help US Government Agencies,"The American crypto exchange is developing a blockchain platform for US government agencies to track the use of cryptocurrencies to purchase illegal goods
The Crypto Exchange Coinbase based on San Francisco announces a collaborative work with the Drug Enforcement Administration (DEA) and the United States Internal Revenue Service (IRS). Coinbase along with companies such as Chainalysis, Elliptic, CipherTrace takes part in ...",https://bitnewstoday.com/news/coinbase-develops-blockchain-platform-to-help-us-government-agencies/,https://bitnewstoday.com/upload/iblock/60c/60c5edddd92c988711b1e07db3403869.jpg,,,,0
bitnewstoday,Coinbase,2020-03-27 00:00:00,Where Did the ICO Go? The Perspectives of Blockchain Fundraising,"... raised by blockchain companies was higher in 2017: then, an average of $4.22 mln was raised, compared with $3.45 mln in 2019.This data also demonstrates “the cryptocurrency’s commitment to financing its own ecosystem” — NEO Global Capital and Coinbase Ventures are the two most active VCs in 2019. Although blockchain investments in hedge funds are growing, CB Insights emphasizes that most of the capital comes from cryptocurrency funds.With regard to the distribution of funding sources by country,...",https://bitnewstoday.com/news/where-did-the-ico-go-the-perspectives-of-blockchain-fundraising/,https://bitnewstoday.com/upload/iblock/c90/c90f88acaa57132af24db8db477a736d.jpeg,,,,0
bitnewstoday,Coinbase,2020-03-16 00:00:00,Georgia Implements Blockchain In The Educational System,"... grades, certificates and other documents about their education regardless of their location. Not all educational institutions use blockchain, however, there has been a rapid growth in educational content affecting this technology. Earlier in 2019, a Coinbase study showedthat many educational institutions are getting ready to educate their students on blockchain and cryptocurrency.Cardano is working on the implementation of Cardano's commercial infrastructure. Project officials and IOHK CEO Charles ...",https://bitnewstoday.com/news/georgia-implements-blockchain-in-the-educational-system/,https://bitnewstoday.com/upload/iblock/def/deff4e1bf7e42e820bd06c428c398be1.jpg,,,,0
bitnewstoday,Coinbase,2020-02-25 00:00:00,Coinbase Reported EOS Network Problems,"Coinbase claims to have difficulty processing EOS transactions for four days. The reason, according to the exchange, is the poor performance of the network
Coinbase, a major US cryptocurrency exchange, said the EOS network has a number of problems. ...",https://bitnewstoday.com/news/coinbase-reported-eos-network-problems/,https://bitnewstoday.com/upload/iblock/894/894ada61b64177d2669ce57e11cc99e6.jpg,,,,0
bitnewstoday,Coinbase,2020-01-28 00:00:00,Coinbase and Ripple Unveil “New Push” for US Crypto Implementation,"Coinbase and Ripple are developing smart rules for transparency in the cryptosphere, which should contribute to the further implementation of blockchain technology
Coinbase and Ripple executives are developing smart rules for transparency in the cryptosphere,...",https://bitnewstoday.com/news/coinbase-and-ripple-unveil-new-push-for-us-crypto-implementation/,https://bitnewstoday.com/upload/iblock/a77/a773e80bc0bcd95500249b0e33aae87b.jpg,,,,0
insidebitcoins,Coinbase,2020-07-01 00:00:00,The Graph’s $5M SAFT Joined By Digital Currency Group And Coinbase Ventures,"The Graph stands as an indexing protocol that allows its developers to use a scalable method in the access of data, focused on Web 3.0 […]",https://insidebitcoins.com/news/the-graphs-5m-saft-joined-by-digital-currency-group-and-coinbase-ventures,https://insidebitcoins.com/wp-content/uploads/2018/11/as-partnership-1024x640-1024x640.jpg,,,,0
insidebitcoins,Coinbase,2020-06-27 00:00:00,Coinbase Earn Adds Compound (COMP) Asset for Educational Purposes,"Coinbase, one of the most popular cryptocurrency exchanges in the world, has just listed Compound (COMP) on its Coinbase Earn platform. As you may know, […]",https://insidebitcoins.com/news/coinbase-earn-adds-compound-comp-asset-for-educational-purposes,https://insidebitcoins.com/wp-content/uploads/2019/12/coinbase.png,,,,0
insidebitcoins,Coinbase,2020-06-17 00:00:00,Coinbase Buckles: Exchange Goes Down as BTC Spikes Past $10K,"The time has finally come. Bitcoin has managed to smash through the $10,000 psychological barrier, after a long period of recovery from the COVID-fueled market […]",https://insidebitcoins.com/news/coinbase-buckles-exchange-goes-down-as-btc-spikes-past-10k,https://insidebitcoins.com/wp-content/uploads/2019/04/Coinbase-wallet-social-1024x538.jpg,,,,0
insidebitcoins,Coinbase,2020-05-27 00:00:00,Coinbase Acquires Tagomi as It Bolsters Its Institutional Strategy ,"Major crypto exchange Coinbase is gearing up to make a foray into another aspect of the market, and it’s doing so the old-fashioned way. Earlier […]",https://insidebitcoins.com/news/coinbase-acquires-tagomi-as-it-bolsters-its-institutional-strategy,https://insidebitcoins.com/wp-content/uploads/2020/05/coinbase-coe.jpg,,,,0
insidebitcoins,Coinbase,2020-05-22 00:00:00,Coinbase CEO Actively Sidesteps “Mean” and “Snarky” Media,"Brian Armstrong, the chief executive officer of Coinbase, gave a statement to the public. This statement was made directly to the public, as always. He […]",https://insidebitcoins.com/news/coinbase-ceo-actively-sidesteps-mean-and-snarky-media,https://insidebitcoins.com/wp-content/uploads/2017/01/Coinbase.jpg,,,,0
insidebitcoins,Coinbase,2020-05-21 00:00:00,Coinbase Set to Allow Remote Working for Employees After Lockdown,"Coinbase, of the biggest crypto exchanges out there, based in the US, has announced that the exchange will start to transition itself into a “remote-first” […]",https://insidebitcoins.com/news/coinbase-set-to-allow-remote-working-for-employees-after-lockdown,https://insidebitcoins.com/wp-content/uploads/2019/08/Coinbase-1024x576.jpg,,,,0
insidebitcoins,Coinbase,2020-05-06 00:00:00,"TokenAnalyst Shuts Down, Coinbase Hires Some Former Employees","TokenAnalyst, a crypto intelligence firm, has officially shut its doors. The company made the announcement on Tuesday via a medium post, stating that it will […]",https://insidebitcoins.com/news/tokenanalyst-shuts-down-coinbase-hires-some-former-employees,https://insidebitcoins.com/wp-content/uploads/2018/01/Closing-shop-700x525.jpg,,,,0
insidebitcoins,Coinbase,2020-06-12 00:00:00,Coinbase Wallet Officially Announces DeFi Integration,"Coinbase Wallet had made an announcement. This announcement was in regards to the new integration of Decentralized Finance (DeFi) apps to its offering. With this, […]",https://insidebitcoins.com/news/coinbase-wallet-officially-announces-defi-integration,https://insidebitcoins.com/wp-content/uploads/2020/02/earn-coinbase.png,,,,0
insidebitcoins,Coinbase,2020-03-16 00:00:00,Coinbase Chief Legal Officer Leaves for the Office of the Comptroller of the Currency,"Coinbase’s Chief Legal Officer, Brian P. Brooks, is leaving to become the Chief Operating Officer (COO) of the Office of the Comptroller of the Currency […]",https://insidebitcoins.com/news/coinbase-chief-legal-officer-leaves-for-the-office-of-the-comptroller-of-the-currency,https://insidebitcoins.com/wp-content/uploads/2019/08/Coinbase-1024x576.jpg,,,,0
insidebitcoins,Coinbase,2020-03-03 00:00:00,Coronavirus: Coinbase and Messari Employees Now Work from Home,The COVID-19 infection has grown from having affected a few countries to a full-blown global pandemic. With all continents except Antarctica having confirmed the presence […],https://insidebitcoins.com/news/coronavirus-coinbase-and-messari-employees-now-work-from-home,https://insidebitcoins.com/wp-content/uploads/2020/03/c9a5cfe7c3d1ae46f17e60c6388abd8f.jpg,,,,0
insidebitcoins,Coinbase,2020-03-02 00:00:00,Coinbase Now Second-Class Member of JVCEA,"The self-regulatory organization of Japan’s crypto industry, the Japan Virtual Currency Exchange Association, or JVCEA, has made a new announcement today. On the 2nd of […]",https://insidebitcoins.com/news/coinbase-now-second-class-member-of-jvcea,https://insidebitcoins.com/wp-content/uploads/2020/01/Japan’s-Regulator-Plans-to-Limit-Margin-Trading-for-Crypto-Exchanges-and-Others.jpg,,,,0
insidebitcoins,Coinbase,2020-02-28 00:00:00,Clearview Facial Recognition Software Tested On Coinbase Systems,"One of the biggest crypto exchanges on US soil, Coinbase, has recently tested the Clearview AI facial recognition technology. According to news reports done by […]",https://insidebitcoins.com/news/clearview-facial-recognition-software-tested-on-coinbase-systems,https://insidebitcoins.com/wp-content/uploads/2019/03/coinbase1-1024x576.jpg,,,,0
insidebitcoins,Coinbase,2020-02-27 00:00:00,Coinbase Wallet Now Allows Users to Send Coins to Usernames,Coinbase Wallet will now let its users send cryptocurrency payments to usernames of other users. This will make payments easier and more convenient for the […],https://insidebitcoins.com/news/coinbase-wallet-now-allows-users-to-send-coins-to-usernames,https://insidebitcoins.com/wp-content/uploads/2020/02/Coinbase-Wallet-1024x661.png,,,,0
insidebitcoins,Coinbase,2020-02-26 00:00:00,Coinbase Unveils Plan to Protect Workers From Coronavirus,"The coronavirus epidemic has raged on for almost three months now, and it’s not showing any significant signs of slowing down. While governments of the […]",https://insidebitcoins.com/news/coinbase-unveils-plan-to-protect-workers-from-coronavirus,https://insidebitcoins.com/wp-content/uploads/2020/02/eight_col_000_1PB3XI.jpg,,,,0
insidebitcoins,Coinbase,2020-02-19 00:00:00,U.S. Bitcoin Exchange Coinbase Becomes VISA Principal Member ,"Coinbase, one of the most popular cryptocurrency exchanges in the world, has kicked off 2020 with a major strategic partnership. It looks like it has […]",https://insidebitcoins.com/news/u-s-bitcoin-exchange-coinbase-becomes-visa-principal-member,https://insidebitcoins.com/wp-content/uploads/2019/04/Coinbase-Debit-Card-Hits-the-Market-in-UK-1024x694.jpg,,,,0
insidebitcoins,Coinbase,2020-06-17 00:00:00,Coinbase Starting Custodian Service Push With European Focus,"Coinbase has long since been known for being one of the largest cryptocurrency exchanges in the industry, but the company, in particular, is shifting gears […]",https://insidebitcoins.com/news/coinbase-starting-custodian-service-push-with-european-focus,https://insidebitcoins.com/wp-content/uploads/2018/12/coinbase-earn-1024x640-1024x640.jpg,,,,0
insidebitcoins,Coinbase,2020-01-18 00:00:00,"Nakamoto.com is a Step Towards Changing Culture, claims Former Coinbase CTO","In a recent podcast on spottily, Nakamoto.com founder, Balaji Srinivasan, said he believes in crypto-civilization, even though he knows the reason behind crypto-anarchy. He was […]",https://insidebitcoins.com/news/nakamoto-com-is-a-step-towards-changing-culture-claims-former-coinbase-cto,https://insidebitcoins.com/wp-content/uploads/2019/04/Coinbase-wallet-social-1024x538.jpg,,,,0
insidebitcoins,Coinbase,2020-06-14 00:00:00,"Coinbase CEO, Brian Armstrong, Predicts Rise Of Anoncoin In 20s","Brian Armstrong, the Chief Executive Officer and co-founder of one of the world’s largest crypto exchanges, Coinbase, has laid out some predictions of the future […]",https://insidebitcoins.com/news/coinbase-ceo-brian-armstrong-predicts-rise-of-anoncoin-in-20s,https://insidebitcoins.com/wp-content/uploads/2019/04/coinbase-chicago.jpg,,,,0
nulltx,Coinbase,2020-06-06 23:00:09,Coinbase Hopes to Persuade the IRS and DEA Regarding its Blockchain Analytics Tool,Coinbase remains one of the biggest gateways to cryptocurrency for both novice and advanced users. It now appears that its in-house developed blockchain analytics...,https://nulltx.com/coinbase-hopes-to-persuade-the-irs-and-dea-regarding-its-blockchain-analytics-tool/,https://nulltx.com/wp-content/uploads/2018/09/coinbase-cryptocurrency-bundle-150x150.jpg,JP Buntinx - ,https://nulltx.com/author/jdebunt2/,,0
nulltx,Coinbase,2020-05-23 22:00:41,Coinbase CEO Brian Armstrong has Been in Talks With JP Morgan Since 2018,There are always some developments taking place in the crypto space that might not make sense at first. Secret meetings between Jamie Dimon and...,https://nulltx.com/coinbase-ceo-brian-armstrong-has-been-in-talks-with-jp-morgan-since-2018/,https://nulltx.com/wp-content/uploads/2018/10/coinbase-expands-digital-assets-150x150.jpg,JP Buntinx - ,https://nulltx.com/author/jdebunt2/,,0
nulltx,Coinbase,2020-03-27 03:00:34,Coinbase Wallet Lets Users Connect Directly to DeFi Services,"Cryptocurrency companies and service providers need to keep growing and evolving at all times. Coinbase, best known for its exchange and wallet services, is...",https://nulltx.com/coinbase-wallet-lets-users-connect-directly-to-defi-services/,https://nulltx.com/wp-content/uploads/2018/10/coinbase-lists-tokens-150x150.jpg,JP Buntinx - ,https://nulltx.com/author/jdebunt2/,,0
nulltx,Coinbase,2020-03-18 03:00:40,Former Coinbase Exec Gets Appointed by Steven Mnuchin,"The cryptocurrency industry tends to attract a lot of attention from different industries. Brian Brooks, the  most recent Coinbase Chief Legal Officer, has been...",https://nulltx.com/former-coinbase-exec-gets-appointed-by-steven-mnuchin/,https://nulltx.com/wp-content/uploads/2018/10/coinbase-expands-digital-assets-150x150.jpg,JP Buntinx - ,https://nulltx.com/author/jdebunt2/,,0
bitnewstoday,Coinone,2020-03-13 00:00:00,Crypto Exchanges Are At Risk Due To Regulation In South Korea,"... strict banking rules. These rules require all customers to use individual, real-name, exchange-linked bank accounts that are guaranteed by social security numbers. Currently, only the “big four” exchanges of the country Upbit, Bithumb, Korbit and Coinone adhere to these rules. But even they do not always succeed.Currently, there are about 200 crypto exchanges in the country, most of which are SMEs. Their number may be reduced to 10 by next year already. Under the new rules, exchanges can sign ...",https://bitnewstoday.com/news/crypto-exchanges-are-at-risk-due-to-regulation-in-south-korea/,https://bitnewstoday.com/upload/iblock/7e6/7e64a7916dd8a349a9b53af7f4734c16.png,,,,0
insidebitcoins,Coinone,2020-06-17 00:00:00,Coinone Cryptocurrency Exchange Upgrades Its Security With New Partnerships,"Coinone, a cryptocurrency exchanges based in South Korea, is partnering with CertiK and Xangle to increase its security offerings and its disclosure, reports CoinDesk. The […]",https://insidebitcoins.com/news/coinone-cryptocurrency-exchange-upgrades-its-security-with-new-partnerships,https://insidebitcoins.com/wp-content/uploads/2019/08/coinone.jpg,,,,0
insidebitcoins,Compound,2020-06-27 00:00:00,Coinbase Earn Adds Compound (COMP) Asset for Educational Purposes,"Coinbase, one of the most popular cryptocurrency exchanges in the world, has just listed Compound (COMP) on its Coinbase Earn platform. As you may know, […]",https://insidebitcoins.com/news/coinbase-earn-adds-compound-comp-asset-for-educational-purposes,https://insidebitcoins.com/wp-content/uploads/2019/12/coinbase.png,,,,0
insidebitcoins,Compound,2020-06-15 00:00:00,Compound Lending Platform Set to Start Token Distribution,"The governance token of Compound is set to be available for distribution to all of its users, set to begin on the 15th of June, […]",https://insidebitcoins.com/news/compound-lending-platform-set-to-start-token-distribution,https://insidebitcoins.com/wp-content/uploads/2020/06/Compound-Lending-Platform-Set-to-Start-Token-Distribution.jpg,,,,0
bitnewstoday,Crypto.com,2020-06-29 00:00:00,Chaos In The Banking System Caused By Wirecard Collapse,"... bankruptcy, the UK financial regulator ordered to close the access to accounts of users of debit crypto cards in order to ensure the safety of funds
The German company Wirecard announced bankruptcy on Thursday. As a result, the debit crypto cards of Crypto.com and TenX were frozen for users from the UK and Europe.UK Financial Conduct Authority FCA has ordered Wirecard UK branch in Newcastle to suspend access to customer accounts. This step was taken to protect users' funds. Wirecard bankruptcy also affected ...",https://bitnewstoday.com/news/chaos-in-the-banking-system-caused-by-wirecard-collapse/,https://bitnewstoday.com/upload/iblock/150/1506fe26a9f9edbaa1e03be3af75ef3f.jpg,,,,0
insidebitcoins,Crypto.com,2020-05-16 00:00:00,Crypto.com Starts Shipping Out Visa Cards to 31 European Countries,"On Friday, Crypto.com stated that it had started shipping its crypto-to fiat card, dubbed the MCO Visa across the European Union’s various countries. A total […]",https://insidebitcoins.com/news/crypto-com-starts-shipping-out-visa-cards-to-31-european-countries,https://insidebitcoins.com/wp-content/uploads/2018/02/visa-card-collage-700x525.jpg,,,,0
insidebitcoins,Crypto.com,2020-05-11 00:00:00,"Crypto.com, Ecwid Partner for Merchants to Accept Payments in Cryptocurrency","Crypto.com has announced that its plugin for Ecwid, an e-commerce platform “powering over 1 million online stores” is now live. This means that merchants on […]",https://insidebitcoins.com/news/crypto-com-ecwid-partner-for-merchants-to-accept-payments-in-cryptocurrency,https://insidebitcoins.com/wp-content/uploads/2019/02/payments.png,,,,0
insidebitcoins,CryptoKitties,2020-04-03 00:00:00,CryptoKitties Creators Get Partner with the NBA for A New Collectible Token,"Dapper Labs, the creators of one of the most popular blockchain games CryptoKitties, are getting ready to turn the digital token world upside down. NBA […]",https://insidebitcoins.com/news/cryptokitties-creators-get-partner-with-the-nba-for-a-new-collectible-token,https://insidebitcoins.com/wp-content/uploads/2020/04/Cryptokitties1-1024x758.png,,,,0
insidebitcoins,DeversiFi,2020-06-19 00:00:00,"DiversiFi, Ledger Partner to Offer Alternative Payment Methods","Ledger, the cryptocurrency hardware wallet manufacturer, has integrated with DeversiFi, an exchange of the decentralized sort that caters to decentralized finance traders. As reported by […]",https://insidebitcoins.com/news/diversifi-ledger-partner-to-offer-alternative-payment-methods,https://insidebitcoins.com/wp-content/uploads/2020/02/Ledger-Nano-X-12-1-1024x684.jpg,,,,0
bitcoin,DEX,2020-02-17 00:00:00,DEX Volume Soars But Bzx Exploit Raises Questions About ‘Decentralization Theatre’," As the decentralized finance juggernaut rolls inexorably forward, the exploitation of defi project Bzx – in which $350K, or around 2% of total assets...",https://news.bitcoin.com/dex-volume-soars-bzx-exploit/,https://news.bitcoin.com/wp-content/uploads/2020/02/theatre-150x150.png,,,Exchanges,0
bitnewstoday,DEX,2020-06-11 00:00:00,Multiply by 0x: It May Be Worth It,"The main purpose of 0x, as follows from the description on the official website, is decentralized p2p exchange (DEX) based on the Ethereum blockchain. Is there something more?
The name itself — 0x (ZRX) — looks very unusual, which can not be said about the cryptocurrency itself. At first glance, 0x practically does not stand out from dozens of similar projects ...",https://bitnewstoday.com/news/multiply-by-0x-it-may-be-worth-it/,https://bitnewstoday.com/upload/iblock/db3/db373d15bb1a532b47a3ba30dd1fe359.jpg,,,,0
insidebitcoins,ENS,2020-05-27 00:00:00,Sensorium Corporation Gets SENSO Token Listed on Bitcoin.com Exchange,Emerging technology developer Sensorium Corporation has added its SENSO token to the cryptocurrency exchange offered by Bitcoin.com. It is paired with Bitcoin here. According to […],https://insidebitcoins.com/news/sensorium-corporation-gets-senso-token-listed-on-bitcoin-com-exchange,https://insidebitcoins.com/wp-content/uploads/2020/03/blockchain-gaming-crypto-casinos-994x559-1.jpg,,,,0
insidebitcoins,FCoin,2020-06-12 00:00:00,"FCoin Declares Itself Insolvent, Reveals $130 Million Shortfall in Bitcoin",Cryptocurrency exchanges FCoin recently declared that it is insolvent and reported a shortage of cryptocurrency assets of up to $130 million. The exchange has withdrawn […],https://insidebitcoins.com/news/fcoin-declares-itself-insolvent-reveals-130-million-shortfall-in-bitcoin,https://insidebitcoins.com/wp-content/uploads/2020/02/Fcoin-1024x576.jpg,,,,1
insidebitcoins,Gate.io,2020-06-17 00:00:00,Gate.io crypto exchange funding new cryptocurrency with $64 million,"Gate.io, a cryptocurrency exchanges, just raised $64 million for its new cryptocurrency. Entering the cryptosphere As one of the oldest Chinese crypto exchanges in existence, […]",https://insidebitcoins.com/news/gate-io-crypto-exchange-funding-new-cryptocurrency-with-64-million,https://insidebitcoins.com/wp-content/uploads/2019/04/gate.io_.png,,,,0
insidebitcoins,Gemini,2020-01-28 00:00:00,Gemini Brings on Former Circle Exec for UK Expansion,"The United States-based Gemini cryptocurrency exchange has brought on a new money laundering officer, Blair Halliday, according to a press release from the group. Halliday’s […]",https://insidebitcoins.com/news/gemini-brings-on-former-circle-exec-for-uk-expansion,https://insidebitcoins.com/wp-content/uploads/2019/04/Gemini-Exchange-Upgrades.png,,,,0
nulltx,Hotbit,2020-06-16 07:47:47,"BitGesell, the True Digital Gold, is Now Available on Hotbit Exchange","BitGesell, the only true digital gold, is proudly listed on major crypto exchange Hotbit Exchange. Ever since the creation of cryptocurrencies, there has been...",https://nulltx.com/bitgesell-the-true-digital-gold-is-now-available-on-hotbit-exchange/,https://nulltx.com/wp-content/uploads/2020/06/Bitgesell-150x150.jpg,James Woods - ,https://nulltx.com/author/jameswoods/,,0
nulltx,Hotbit,2020-06-12 13:13:09,‘Digital Gold’ Crypto Asset BitGesell Announces Listing on Hotbit Exchange,"With its latest listing on the HotBit Exchange, BitGesell coin (BGL) continues to prove that a decentralized architecture designed to overcome Bitcoin’s shortcomings will have...",https://nulltx.com/digital-gold-crypto-asset-bitgesell-announces-listing-on-hotbit-exchange/,https://nulltx.com/wp-content/uploads/2020/06/Bitgesell-150x150.jpg,Bitcoin PR Buzz - ,https://nulltx.com/author/bitcoinprbuzz/,,0
insidebitcoins,Huobi,2020-06-17 00:00:00,Huobi Token Receives Approval by Japanese FSA,The Japanese Financial Services Agency (FSA) recently approved the Huobi Token. This makes Huobi the first international exchange with a token approved in the country. […],https://insidebitcoins.com/news/huobi-token-receives-approval-by-japanese-fsa,https://insidebitcoins.com/wp-content/uploads/2020/04/Huobi-1024x682.jpg,,,,0
insidebitcoins,Huobi,2020-03-02 00:00:00,Huobi Goes For DeFi With New Native Blockchain Testnet,"One of the leading crypto exchanges globally, Huobi, has made an announcement on Saturday. This announcement is in regards to the public testnet that’s being […]",https://insidebitcoins.com/news/huobi-goes-for-defi-with-new-native-blockchain-testnet,https://insidebitcoins.com/wp-content/uploads/2019/12/Huobi-1024x682.jpg,,,,0
bitcoin,Hydro,2020-06-04 00:00:00,Chinese Government Crackdowns and Cheap Hydropower- Miners Migrate from North to South China," China-based bitcoin miners have started to migrate southbound from North China, according to local reports. The operators are having difficulties and are transitioning mining...",https://news.bitcoin.com/chinese-government-crackdowns-and-cheap-hydropower-miners-migrate-from-north-to-south-china/,https://news.bitcoin.com/wp-content/uploads/2020/06/chinese-government-crackdowns-and-cheap-hydropower-miners-migrate-from-north-to-south-china-150x150.jpg,,,Mining,0
bitcoin,Hydro,2020-04-28 00:00:00,1 Cent per Kilowatt-Hour: China’s Sichuan Province Encourages Hydro-Powered Bitcoin Mining," The local government of Ya’an city, in China’s Sichuan province, has announced the region is encouraging bitcoin mining in Sichuan if operations leverage the...",https://news.bitcoin.com/1-cent-per-kilowatt-hour-chinas-sichuan-province-encourages-hydro-powered-bitcoin-mining/,https://news.bitcoin.com/wp-content/uploads/2020/04/1-cent-per-kilowatt-hour-chinas-sichuan-province-encourages-hydro-powered-bitcoin-mining-150x150.jpg,,,Mining,0
insidebitcoins,IDEX,2020-06-17 00:00:00,"Ethereum Based Exchange, IDEX, Adopts KYC Protocol",Regulators across the world have put pressure on crypto exchanges to adopt know your customer (KYC) protocols for wallet holders on these exchanges. Banks and […],https://insidebitcoins.com/news/ethereum-based-exchange-idex-adopts-kyc-protocol,https://insidebitcoins.com/wp-content/uploads/2019/06/idex-market.png,,,,0
bitcoin,Kraken,2020-02-06 00:00:00,"Overwriting Satoshi: Kraken Exec Says Bitcoin Wasn’t Built for Payments, Isn’t Peer-to-Peer"," As Director of Business Development for popular crypto exchange Kraken, when Dan Held speaks, people listen. As such, his recent 46-tweet diatribe on why...",https://news.bitcoin.com/kraken-exec-held-bitcoin-payments/,https://news.bitcoin.com/wp-content/uploads/2020/02/shutterstock_1417193675-150x150.png,,,Op-Ed,0
bitcoin,Kraken,2020-01-07 00:00:00,Kraken Reveals 49% Increase in Law Enforcement Investigations," The publication of crypto exchange Kraken’s 2019 Transparency Report has provoked discussion about the scale of government surveillance. According to the report, Kraken received...",https://news.bitcoin.com/kraken-reveals-49-increase-in-law-enforcement-investigations/,https://news.bitcoin.com/wp-content/uploads/2020/01/surveillance-150x150.jpg,,,Exchanges,0
insidebitcoins,Kraken,2020-03-05 00:00:00,"UK’s FCA Retracts Kraken’s Warning, Says BitMEX is Operating Illegally","The United Kingdom Financial Conduct Authority (FCA) has clarified a regulatory mishap that concerned cryptocurrency exchange Kraken, after it seemed to have confused the firm […]",https://insidebitcoins.com/news/uks-fca-retracts-krakens-warning-says-bitmex-is-operating-illegally,https://insidebitcoins.com/wp-content/uploads/2019/04/flag-1645248_1920-1024x680.jpg,,,,0
insidebitcoins,Kraken,2020-06-17 00:00:00,FCA Hits Kraken With Illegal Service Provision Allegations,"The UK’s financial regulator, the Financial Conduct Authority, or FCA, has recently accused one of the oldest cryptocurrency exchanges in the world, the Kraken Exchange, […]",https://insidebitcoins.com/news/fca-hits-kraken-with-illegal-service-provision-allegations,https://insidebitcoins.com/wp-content/uploads/2020/02/kraken-exchanges-1024x576.jpg,,,,0
insidebitcoins,Kraken,2020-06-13 00:00:00,"Kraken’s Director, Dan Held, Estimates Bitcoin Worth $100K","Dan Held, the Director of Business Development, has recently done an interview with Alex Saunders, the CEO of Nuggets News. From there, the two discussed […]",https://insidebitcoins.com/news/krakens-director-dan-held-estimates-bitcoin-worth-100k,https://insidebitcoins.com/wp-content/uploads/2020/02/Kraken’s-Director-Dan-Held-Estimates-Bitcoin-Worth-100K-1024x683.jpg,,,,0
insidebitcoins,Kraken,2020-02-01 00:00:00,Kraken Labs Crack Open Trezor Wallet In As Little As 15 Minutes,"The Kraken Exchange, though relatively quiet in the mass media section, is still going, and going strong. One of its offshoots is the Kraken Labs, […]",https://insidebitcoins.com/news/kraken-labs-crack-open-trezor-wallet-in-as-little-as-15-minutes,https://insidebitcoins.com/wp-content/uploads/2018/11/trezor_label-1024x576-1024x576-1024x576.jpg,,,,0
insidebitcoins,Kraken,2020-06-12 00:00:00,Whistleblower Accuses Kraken of Violating International Sanctions in Lawsuit,US-based cryptocurrency exchanges like Kraken are facing litigation from a former employee who suggests that the company violated international sanctions. The employee said that he […],https://insidebitcoins.com/news/whistleblower-accuses-kraken-of-violating-international-sanctions-in-lawsuit,https://insidebitcoins.com/wp-content/uploads/2019/12/Kraken.jpg,,,,0
bitcoin,Liqui,2020-06-28 00:00:00,"Federated Sidechains: $8M in BTC Stuck in Limbo, Analyst Says Action ‘Violates Liquid’s Security Model’"," Liquid, the sidechain network developed by the company Blockstream, saw 870 bitcoins ($8 million) frozen in moderation queue due to a seizure from a...",https://news.bitcoin.com/federated-sidechains-8m-in-btc-stuck-in-limbo-analyst-says-action-violates-liquids-security-model/,https://news.bitcoin.com/wp-content/uploads/2020/06/federated-sidechains-8m-in-btc-stuck-in-limbo-analyst-says-action-violates-liquids-security-model-150x150.jpg,,,Technology,0
bitcoin,Liqui,2020-04-15 00:00:00,‘Black Thursday’ Liquidations Sparks $28M Lawsuit Against Maker Foundation, The Maker Foundation is being sued in a class-action lawsuit for $28 million over the March 12 event that caused over $4 million in...,https://news.bitcoin.com/black-thursday-liquidations-sparks-28m-lawsuit-against-maker-foundation/,https://news.bitcoin.com/wp-content/uploads/2020/04/makersued-150x150.jpg,,,News,0
bitcoin,Liqui,2020-03-25 00:00:00,"Mt Gox Bitcoins: Trustee Plans to Distribute BTC and BCH, Liquidate Forks Into Cash"," On March 24, the Mt Gox creditors' trustee from Tokyo, Nobuaki Kobayashi, disclosed a newly written rehabilitation plan for claimants looking to access some...",https://news.bitcoin.com/mt-gox-bitcoins-distribute-btc-bch-liquidate-forks/,https://news.bitcoin.com/wp-content/uploads/2020/03/goxxed-150x150.jpg,,,News,0
bitcoin,Liqui,2020-01-23 00:00:00,More BS on Lightning: Blockstream Pours Liquid on Thick, Blockstream reps have long been pushing for full implementation of the perpetually-delayed Lightning Network as the main solution for BTC scalability. With the recent...,https://news.bitcoin.com/more-bs-on-lightning-blockstream-pours-liquid-on-thick/,https://news.bitcoin.com/wp-content/uploads/2020/01/shutterstock_410324422-150x150.jpg,,,Blockchain,0
insidebitcoins,Liqui,2020-06-13 00:00:00,"Factom Creditor Refuses Funding Request, Forced Into Liquidation","Factom, a blockchain company, has failed to secure further funding to sustain itself. As a result, the company has now been forced to begin the […]",https://insidebitcoins.com/news/factom-creditor-refuses-funding-request-forced-into-liquidation,https://insidebitcoins.com/wp-content/uploads/2017/06/bitcoinist.comus-dollar-rejected-7ee41821be169ae910f0813fd7a1b9435740e4f7.jpg,,,,0
insidebitcoins,Liqui,2020-03-24 00:00:00,Tezos Foundation Significantly Liquidates Its Bitcoin Asset Portfolio Section,"The Tezos Foundation, one of the most reputable crypto firms in the world, has reduced the percentage of its Bitcoin portfolio. According to the firm’s biannual report that […]",https://insidebitcoins.com/news/tezos-foundation-significantly-liquidates-its-bitcoin-asset-portfolio-section,https://insidebitcoins.com/wp-content/uploads/2020/03/tezos-logo-1024x769.png,,,,0
insidebitcoins,Liqui,2020-02-10 00:00:00,British Bitcoin Exchange Goes Into Liquidation as Debts Mount  ,"Dragon Payments Ltd., a British cryptocurrency exchange, is getting ready to call it quits as it has now been forced into compulsory liquidation.  According to […]",https://insidebitcoins.com/news/british-bitcoin-exchange-goes-into-liquidation-as-debts-mount,https://insidebitcoins.com/wp-content/uploads/2020/02/Z-1.jpg,,,,0
insidebitcoins,Liqui,2020-01-15 00:00:00,BTCPay Merchants Can Now Use Liquid Network Assets From Blockstream,"Blockstream has just announced via a blog post that BTCPay Server, a “self-hosted, open-source cryptocurrency payment processor,” has successfully integrated the Liquid Network into its […]",https://insidebitcoins.com/news/btcpay-merchants-can-now-use-liquid-network-assets-from-blockstream,https://insidebitcoins.com/wp-content/uploads/2019/06/Blockstream-Workers-Supposedly-Treating-Themselves-with-Huge-Bitcoin-Salaries-1024x576.jpg,,,,0
insidebitcoins,Liqui,2020-06-18 00:00:00,Liquid Crypto Sidechain Gets $15 Maillion in Tether Moved To It For Privacy Measures,"On the 7th of January, 2020, the famous stablecoin issuer, Tether, officially conducted a cross-chain swap with Blockstream’s Liquid. Tether had shifted its 15 million […]",https://insidebitcoins.com/news/liquid-crypto-sidechain-gets-15-maillion-in-tether-moved-to-it-for-privacy-measures,https://insidebitcoins.com/wp-content/uploads/2018/05/tether-1024x571.png,,,,0
nulltx,Liqui,2020-06-30 20:48:26,"Liquid Security Issue is Acknowledged by Blockstream, Patch Coming Soon",Crypto Reddit is currently paying very close attention to a recently discovered bug in the Liquid protocol. Some even claim that Blockstream knew about...,https://nulltx.com/liquid-security-issue-is-acknowledged-by-blockstream-patch-coming-soon/,https://nulltx.com/wp-content/uploads/2018/08/ethereum-classic-code-150x150.png,JP Buntinx - ,https://nulltx.com/author/jdebunt2/,,0
bitcoin,Liquid,2020-06-28 00:00:00,"Federated Sidechains: $8M in BTC Stuck in Limbo, Analyst Says Action ‘Violates Liquid’s Security Model’"," Liquid, the sidechain network developed by the company Blockstream, saw 870 bitcoins ($8 million) frozen in moderation queue due to a seizure from a...",https://news.bitcoin.com/federated-sidechains-8m-in-btc-stuck-in-limbo-analyst-says-action-violates-liquids-security-model/,https://news.bitcoin.com/wp-content/uploads/2020/06/federated-sidechains-8m-in-btc-stuck-in-limbo-analyst-says-action-violates-liquids-security-model-150x150.jpg,,,Technology,0
bitcoin,Liquid,2020-04-15 00:00:00,‘Black Thursday’ Liquidations Sparks $28M Lawsuit Against Maker Foundation, The Maker Foundation is being sued in a class-action lawsuit for $28 million over the March 12 event that caused over $4 million in...,https://news.bitcoin.com/black-thursday-liquidations-sparks-28m-lawsuit-against-maker-foundation/,https://news.bitcoin.com/wp-content/uploads/2020/04/makersued-150x150.jpg,,,News,0
bitcoin,Liquid,2020-03-25 00:00:00,"Mt Gox Bitcoins: Trustee Plans to Distribute BTC and BCH, Liquidate Forks Into Cash"," On March 24, the Mt Gox creditors' trustee from Tokyo, Nobuaki Kobayashi, disclosed a newly written rehabilitation plan for claimants looking to access some...",https://news.bitcoin.com/mt-gox-bitcoins-distribute-btc-bch-liquidate-forks/,https://news.bitcoin.com/wp-content/uploads/2020/03/goxxed-150x150.jpg,,,News,0
bitcoin,Liquid,2020-01-23 00:00:00,More BS on Lightning: Blockstream Pours Liquid on Thick, Blockstream reps have long been pushing for full implementation of the perpetually-delayed Lightning Network as the main solution for BTC scalability. With the recent...,https://news.bitcoin.com/more-bs-on-lightning-blockstream-pours-liquid-on-thick/,https://news.bitcoin.com/wp-content/uploads/2020/01/shutterstock_410324422-150x150.jpg,,,Blockchain,0
insidebitcoins,Liquid,2020-06-13 00:00:00,"Factom Creditor Refuses Funding Request, Forced Into Liquidation","Factom, a blockchain company, has failed to secure further funding to sustain itself. As a result, the company has now been forced to begin the […]",https://insidebitcoins.com/news/factom-creditor-refuses-funding-request-forced-into-liquidation,https://insidebitcoins.com/wp-content/uploads/2017/06/bitcoinist.comus-dollar-rejected-7ee41821be169ae910f0813fd7a1b9435740e4f7.jpg,,,,0
insidebitcoins,Liquid,2020-03-24 00:00:00,Tezos Foundation Significantly Liquidates Its Bitcoin Asset Portfolio Section,"The Tezos Foundation, one of the most reputable crypto firms in the world, has reduced the percentage of its Bitcoin portfolio. According to the firm’s biannual report that […]",https://insidebitcoins.com/news/tezos-foundation-significantly-liquidates-its-bitcoin-asset-portfolio-section,https://insidebitcoins.com/wp-content/uploads/2020/03/tezos-logo-1024x769.png,,,,0
insidebitcoins,Liquid,2020-02-10 00:00:00,British Bitcoin Exchange Goes Into Liquidation as Debts Mount  ,"Dragon Payments Ltd., a British cryptocurrency exchange, is getting ready to call it quits as it has now been forced into compulsory liquidation.  According to […]",https://insidebitcoins.com/news/british-bitcoin-exchange-goes-into-liquidation-as-debts-mount,https://insidebitcoins.com/wp-content/uploads/2020/02/Z-1.jpg,,,,0
insidebitcoins,Liquid,2020-01-15 00:00:00,BTCPay Merchants Can Now Use Liquid Network Assets From Blockstream,"Blockstream has just announced via a blog post that BTCPay Server, a “self-hosted, open-source cryptocurrency payment processor,” has successfully integrated the Liquid Network into its […]",https://insidebitcoins.com/news/btcpay-merchants-can-now-use-liquid-network-assets-from-blockstream,https://insidebitcoins.com/wp-content/uploads/2019/06/Blockstream-Workers-Supposedly-Treating-Themselves-with-Huge-Bitcoin-Salaries-1024x576.jpg,,,,0
insidebitcoins,Liquid,2020-06-18 00:00:00,Liquid Crypto Sidechain Gets $15 Maillion in Tether Moved To It For Privacy Measures,"On the 7th of January, 2020, the famous stablecoin issuer, Tether, officially conducted a cross-chain swap with Blockstream’s Liquid. Tether had shifted its 15 million […]",https://insidebitcoins.com/news/liquid-crypto-sidechain-gets-15-maillion-in-tether-moved-to-it-for-privacy-measures,https://insidebitcoins.com/wp-content/uploads/2018/05/tether-1024x571.png,,,,0
nulltx,Liquid,2020-06-30 20:48:26,"Liquid Security Issue is Acknowledged by Blockstream, Patch Coming Soon",Crypto Reddit is currently paying very close attention to a recently discovered bug in the Liquid protocol. Some even claim that Blockstream knew about...,https://nulltx.com/liquid-security-issue-is-acknowledged-by-blockstream-patch-coming-soon/,https://nulltx.com/wp-content/uploads/2018/08/ethereum-classic-code-150x150.png,JP Buntinx - ,https://nulltx.com/author/jdebunt2/,,0
insidebitcoins,Luno,2020-06-12 00:00:00,Luno CEO Reveals the Disparity between His Platform’s Customers,"Marcus Swanepoel, the chief executive of cryptocurrency exchanges Luno, has revealed that speculation and investments are the two biggest drivers of customers to his platform. […]",https://insidebitcoins.com/news/luno-ceo-reveals-the-disparity-between-his-platforms-customers,https://insidebitcoins.com/wp-content/uploads/2019/08/Luno-Marcus-Swanepoel-1024x417.png,,,,0
bitcoin,Maker,2020-04-25 00:00:00,Bitcoin Mining Equipment Maker Ebang Files $100 Million IPO for US Stock Market Listing, Bitcoin mining chip maker Ebang International Holdings Inc. is seeking to raise up to $100 million through an initial public offering (IPO) in the...,https://news.bitcoin.com/bitcoin-mining-equipment-maker-ebang-us-ipo/,https://news.bitcoin.com/wp-content/uploads/2020/04/ebang-150x150.jpg,,,Mining,0
bitcoin,Maker,2020-04-15 00:00:00,‘Black Thursday’ Liquidations Sparks $28M Lawsuit Against Maker Foundation, The Maker Foundation is being sued in a class-action lawsuit for $28 million over the March 12 event that caused over $4 million in...,https://news.bitcoin.com/black-thursday-liquidations-sparks-28m-lawsuit-against-maker-foundation/,https://news.bitcoin.com/wp-content/uploads/2020/04/makersued-150x150.jpg,,,News,0
insidebitcoins,Maker,2020-05-26 00:00:00,Hardware Wallet Maker Trezor Calls Its Data Breach Claims A Hoax,"Trezor, a crypto hardware wallet maker, recently rubbished all claims that its devices suffered a data breach. The firm called it a hoax and said […]",https://insidebitcoins.com/news/hardware-wallet-maker-trezor-calls-its-data-breach-claims-a-hoax,https://insidebitcoins.com/wp-content/uploads/2020/05/Trezor-1024x684.jpg,,,,0
insidebitcoins,Maker,2020-06-14 00:00:00,MakerDAO’s Community Set to Conduct Debt Auction And Vote On Upgrades,MakerDAO stands as one of the leaders within the rapidly developing sector of decentralized finance or DeFi. Ethereum (ETH) stands as the leading network in […],https://insidebitcoins.com/news/makerdaos-community-set-to-conduct-debt-auction-and-vote-on-upgrades,https://insidebitcoins.com/wp-content/uploads/2018/10/MakerDAO-1-1024x426.png,,,,0
insidebitcoins,Nexo,2020-06-16 00:00:00,"Nexo Users Can Now Receive Their Share of $2,409,574.87 in Dividends","Nexo, a cryptocurrency lender, has paid its token holders $2,409,574.87 in dividends, reports CoinTelegraph. According to the publication, Nexo has an annualized dividend yield of […]",https://insidebitcoins.com/news/nexo-users-can-now-receive-their-share-of-2409574-87-in-dividends,https://insidebitcoins.com/wp-content/uploads/2019/08/1-2.png,,,,0
insidebitcoins,Nexo,2020-06-19 00:00:00,Nexo Unveils XRP Backed Crypto Credit Card,One of the issues that have deterred cryptocurrencies in their bid to achieve mainstream adoption has been the absence of ways through which they can […],https://insidebitcoins.com/news/nexo-unveils-xrp-backed-crypto-credit-card,https://insidebitcoins.com/wp-content/uploads/2019/08/Nexo-Unveils-XRP-Backed-Crypto-Credit-Card-1024x576.png,,,,0
nulltx,Nexo,2020-06-26 01:26:03,"Nexo Finance Rolls Out A New Lending Offering For Bitcoin & Ethereum, Now Offers...","Nexo, a leading player in the crypto lending sector, recently increased its crypto lending offering. The company, which was the first to offer instant...",https://nulltx.com/nexo-finance-rolls-out-a-new-lending-offering-for-bitcoin-ethereum-now-offers-up-to-10-interest/,https://nulltx.com/wp-content/uploads/2020/06/f43b8e155e674b65b133da54ce770163-150x150.jpg,Visionary Financial - ,https://nulltx.com/author/visionaryfinance/,,0
nulltx,Nexo,2020-06-02 19:38:41,Nexo Finance CEO Talks Crypto Lending On Recent Podcast Interview,"During a recent interview by the Cryptotesters podcast , the Nexo CEO, Antoni Trenchev provided a lot of insight on the Nexo crypto lending platform....",https://nulltx.com/nexo-finance-ceo-talks-crypto-lending-on-recent-podcast-interview/,https://nulltx.com/wp-content/uploads/2020/06/Untitled-design-3-150x150.png,Visionary Financial - ,https://nulltx.com/author/visionaryfinance/,,0
nulltx,Nexo,2020-01-09 07:56:14,"Tokenized Gold And Blockchain, Nexo Finance Filling The Gap With Gold Backed Lending","Tokenization is the process of substituting a tangible or intangible asset with a digital equivalent, for identity, transfer and storage purposes. Tokenization has increasingly...",https://nulltx.com/tokenized-gold-and-blockchain-nexo-finance-filling-the-gap-with-gold-backed-lending/,https://nulltx.com/wp-content/uploads/2020/01/Nexo-150x150.jpg,Visionary Financial - ,https://nulltx.com/author/visionaryfinance/,,0
insidebitcoins,Parity,2020-06-14 00:00:00,Ethereum Network Overcome Intentional Parity Nodes Attack,"According to reports, hackers recently attacked the Ethereum network as they tried to exploit parity nodes. There were reports that some Parity Ethereum nodes could […]",https://insidebitcoins.com/news/ethereum-network-overcome-intentional-parity-nodes-attack,https://insidebitcoins.com/wp-content/uploads/2019/09/Ethereum-Casino-Free-Spins-1024x576.png,,,,0
bitcoin,Poloniex,2020-06-08 00:00:00,"Poloniex, Bittrex Named in Lawsuit Involving the Alleged Tether-Fueled Crypto Pump"," On April 3, the cryptocurrency community learned about 11 class-action lawsuits against various executives and digital asset companies. The law firm that filed the...",https://news.bitcoin.com/poloniex-bittrex-named-in-lawsuit-involving-the-alleged-tether-fueled-crypto-pump/,https://news.bitcoin.com/wp-content/uploads/2020/06/poloniex-bittrex-named-in-lawsuit-involving-the-alleged-tether-fueled-crypto-pump-150x150.jpg,,,News,0
insidebitcoins,Poloniex,2020-04-06 00:00:00,"Poloniex Creates Tron-Only Platform, LaunchBase to Enter IEO Space","On the 5th of April, 2020, the crypto exchange Poloniex had revealed its new initial exchange offering (IEO) platform, powered through Tron (TRX). The Many […]",https://insidebitcoins.com/news/poloniex-creates-tron-only-platform-launchbase-to-enter-ieo-space,https://insidebitcoins.com/wp-content/uploads/2018/05/Poloniex-logo.jpg,,,,0
insidebitcoins,Poloniex,2020-03-19 00:00:00,Poloniex Begins Process to Reimburse CLAM Flash Crash Victims,Popular cryptocurrency exchange Poloniex has announced the beginning of its move to compensate the people who lost their crypto holdings in the flash crash of […],https://insidebitcoins.com/news/poloniex-begins-process-to-reimburse-clam-flash-crash-victims,https://insidebitcoins.com/wp-content/uploads/2018/01/deutsche-bank-torsten-slok-worries-bitcoin-crash-2018-700x438.jpg,,,,0
bitcoin,Tether,2020-07-01 00:00:00,"Tether’s Market Valuation Grows 144% in 2020, USDT Market Cap Worth $10 Billion"," The most popular stablecoin, Tether, has propelled its way into the third-largest position by cryptocurrency market capitalization. At the time of publication, a number...",https://news.bitcoin.com/tethers-market-valuation-grows-144-in-2020-usdt-market-cap-worth-10-billion/,https://news.bitcoin.com/wp-content/uploads/2020/07/tethers-market-valuation-grows-144-in-2020-usdt-market-cap-worth-10-billion-150x150.jpg,,,Market Updates,0
bitcoin,Tether,2020-06-08 00:00:00,"Poloniex, Bittrex Named in Lawsuit Involving the Alleged Tether-Fueled Crypto Pump"," On April 3, the cryptocurrency community learned about 11 class-action lawsuits against various executives and digital asset companies. The law firm that filed the...",https://news.bitcoin.com/poloniex-bittrex-named-in-lawsuit-involving-the-alleged-tether-fueled-crypto-pump/,https://news.bitcoin.com/wp-content/uploads/2020/06/poloniex-bittrex-named-in-lawsuit-involving-the-alleged-tether-fueled-crypto-pump-150x150.jpg,,,News,0
bitcoin,Tether,2020-04-08 00:00:00,"Tether, ICOs, Craig Wright – Attorney Divulges New Details on Billion Dollar Crypto Lawsuits"," On April 3, the law firms Roche Cyrulnik Freedman and Selendy & Gay filed 11 class-action lawsuits against multiple digital currency exchanges and the...",https://news.bitcoin.com/tether-icos-craig-wright-new-details-billion-crypto-lawsuits/,https://news.bitcoin.com/wp-content/uploads/2020/04/ico-150x150.jpg,,,Interview,0
bitcoin,Tether,2020-01-23 00:00:00,Paypal Pullout Prompts Pornhub to Add Tether as Payment Option for Its Adult Models, The porn industry is seen by many as a perfect fit for widespread cryptocurrency usage as it suffers from financial censorship far more than...,https://news.bitcoin.com/paypal-pullout-prompts-pornhub-to-add-tether-as-payment-option-for-its-adult-models/,https://news.bitcoin.com/wp-content/uploads/2020/01/pornhub-150x150.jpg,,,News,0
bitcoin,Tether,2020-01-17 00:00:00,New Stablecoins Commence a Fresh Assault on Tether," Can any stablecoin topple tether? In 2019, the answer to that question was an emphatic ‘No.’ Despite a string of stablecoins being released onto...",https://news.bitcoin.com/new-stablecoins-commence-a-fresh-assault-on-tether/,https://news.bitcoin.com/wp-content/uploads/2020/01/tether-stablecoins-150x150.jpg,,,Exchanges,0
bitcoin,Tether,2020-01-02 00:00:00,"Tron-Based Tether Has Ballooned to Over 900 Million Tokens, Almost 22% of Total Supply"," Since Tether's (USDT) migration to other networks beside the BTC-based Omni protocol, significant shifts have taken place seeing the heavily-printed stablecoin rise to prominence...",https://news.bitcoin.com/tron-based-tether-has-ballooned-to-over-900-million-tokens-almost-22-of-total-supply/,https://news.bitcoin.com/wp-content/uploads/2020/01/shutterstock_1042208224-150x150.jpg,,,Blockchain,0
bitnewstoday,Tether,2020-04-06 00:00:00,11 Lawsuits Against Crypto Companies Filed in the USA,"... unregistered securities through an ICO or IEO
On April 3, 11 lawsuits were filed against 7 crypto companies in the New York Federal Court. All lawsuits were filed by Roche Cyrulnik Freedman, a law firm that filed a trillion dollar lawsuit against Tether Limited and represented the estate of the late Dave Kleiman in the ongoing dispute with Craig Wright.11 lawsuits are targeted to the well-known names and companies, including cryptocurrency exchanges Binance, KuCoin, BiBox, BitMex, the parent ...",https://bitnewstoday.com/news/11-lawsuits-against-crypto-companies-filed-in-the-usa/,https://bitnewstoday.com/upload/iblock/462/4626965bdef22c449086707dd769517d.jpg,,,,0
bitnewstoday,Tether,2020-01-29 00:00:00,Amount of Tether (USDT) on Tron Blockchain Continues To Grow,"Tether, based on the Tron blockchain (USDT-TRX), reached about 1 billion. In the world, Tether on Omni is inferior to Ethereum in the total supply of stable coins
According to CoinMetrics, the volume of Tether released on the Tron blockchain (USDT-TRX) ...",https://bitnewstoday.com/news/amount-of-tether-usdt-on-tron-blockchain-continues-to-grow/,https://bitnewstoday.com/upload/iblock/2b3/2b38861cf3dd57853177d1cccaa2dcbc.jpg,,,,0
insidebitcoins,Tether,2020-06-14 00:00:00,Tether Gearing Up To Take XRP’s Place As Third-Largest Crypto,"Tether has slowly, but surely, worked its way to becoming the third-largest cryptocurrency the world has to offer. This would mean surpassing Ripple’s XRP, but […]",https://insidebitcoins.com/news/tether-gearing-up-to-take-xrps-place-as-third-largest-crypto,https://insidebitcoins.com/wp-content/uploads/2019/05/Coinbase-Looking-To-Land-Killing-Blow-on-Tether-USDT.jpg,,,,0
insidebitcoins,Tether,2020-06-14 00:00:00,"Tether CTO Praises Company’s Own Coin, Takes A Shot At Others","Earlier this month, at the CryptoCompare Digital Asset Summit that was held in London, the CTO of Tether, Paolo Ardoino, gave a public statement about […]",https://insidebitcoins.com/news/tether-cto-praises-companys-own-coin-takes-a-shot-at-others,https://insidebitcoins.com/wp-content/uploads/2019/10/Tether-1024x640.jpg,,,,0
insidebitcoins,Tether,2020-06-13 00:00:00,Tether Treasury Continues Printing Spree By Minting 180M USDT,"Tether has made a move that’s one of two things, and that depends on who you ask. Either the company is trying to push up […]",https://insidebitcoins.com/news/tether-treasury-continues-printing-spree-by-minting-180m-usdt,https://insidebitcoins.com/wp-content/uploads/2019/10/Tether-1024x640.jpg,,,,0
insidebitcoins,Tether,2020-06-18 00:00:00,Liquid Crypto Sidechain Gets $15 Maillion in Tether Moved To It For Privacy Measures,"On the 7th of January, 2020, the famous stablecoin issuer, Tether, officially conducted a cross-chain swap with Blockstream’s Liquid. Tether had shifted its 15 million […]",https://insidebitcoins.com/news/liquid-crypto-sidechain-gets-15-maillion-in-tether-moved-to-it-for-privacy-measures,https://insidebitcoins.com/wp-content/uploads/2018/05/tether-1024x571.png,,,,0
insidebitcoins,Tether,2020-01-05 00:00:00,"Circle’s CEO Shades Tether, Calls it an ‘Unregulated Offshore Banking Solution’ ","Jeremy Allaire, the co-founder of Circle, has aimed stablecoin Tether over its “unregulated” nature. On January 3, the tech entrepreneur took to Twitter to share some scathing views […]",https://insidebitcoins.com/news/circles-ceo-shades-tether-calls-it-an-unregulated-offshore-banking-solution,https://insidebitcoins.com/wp-content/uploads/2019/10/Tether-1024x640.jpg,,,,0
nulltx,Tether,2020-05-17 03:00:26,Tether Overtakes XRP in Market cap,"There is always one development in the cryptocurrency space that will leave people puzzled. Barring all of the CoinMarketCap controversy, the big news this...",https://nulltx.com/tether-overtakes-xrp-in-market-cap/,https://nulltx.com/wp-content/uploads/2018/10/shutterstock_773287558-150x150.jpg,JP Buntinx - ,https://nulltx.com/author/jdebunt2/,,0
nulltx,Tether,2020-03-12 03:00:08,Tether Brings a lot of Money to Bitfinex Over Time,"Tether has proven to be a very popular stablecoin in the cryptocurrency. It is also making Bitfinex a ton of money, and will likely...",https://nulltx.com/tether-brings-a-lot-of-money-to-bitfinex-over-time/,https://nulltx.com/wp-content/uploads/2018/10/shutterstock_773287558-150x150.jpg,JP Buntinx - ,https://nulltx.com/author/jdebunt2/,,0
nulltx,Tether,2020-01-11 04:00:14,The Lawsuit Involving Tether and Bitfinex has Been Re-submitted,Bitfinex and Tether have come under  a lot of scrutiny in recent years. So much even that an official lawsuit was filed against both...,https://nulltx.com/the-lawsuit-involving-tether-and-bitfinex-has-been-re-submitted/,https://nulltx.com/wp-content/uploads/2018/06/shutterstock_334984976-150x150.jpg,JP Buntinx - ,https://nulltx.com/author/jdebunt2/,,0
insidebitcoins,Uniswap,2020-04-19 00:00:00,"Uniswap, Lendf.me Suffer From $25 Million Hack This Weekend","Over $25 million in cryptocurrencies has been stolen from two platforms. The first, the Uniswap exchange, has been in beta for some time. The second, […]",https://insidebitcoins.com/news/uniswap-lendf-me-suffer-from-25-million-hack-this-weekend,https://insidebitcoins.com/wp-content/uploads/2020/01/Over-11-billion-has-been-Hacked-from-Crypto-Exchanges-New-Timeline-Reveals-1024x566.jpg,,,,0
bitnewstoday,Upbit,2020-03-13 00:00:00,Crypto Exchanges Are At Risk Due To Regulation In South Korea,"... will have to comply with strict banking rules. These rules require all customers to use individual, real-name, exchange-linked bank accounts that are guaranteed by social security numbers. Currently, only the “big four” exchanges of the country Upbit, Bithumb, Korbit and Coinone adhere to these rules. But even they do not always succeed.Currently, there are about 200 crypto exchanges in the country, most of which are SMEs. Their number may be reduced to 10 by next year already. Under the new ...",https://bitnewstoday.com/news/crypto-exchanges-are-at-risk-due-to-regulation-in-south-korea/,https://bitnewstoday.com/upload/iblock/7e6/7e64a7916dd8a349a9b53af7f4734c16.png,,,,0
insidebitcoins,Zipmex,2020-03-12 00:00:00,Zipmex To Proceed With Indonesian Expansion After Regulatory Approval,"Zipmex, a cryptocurrency exchange based out of Singapore, is ready to begin its expansion process after getting the right certifications to continue its work. According to […]",https://insidebitcoins.com/news/zipmex-to-proceed-with-indonesian-expansion-after-regulatory-approval,https://insidebitcoins.com/wp-content/uploads/2017/08/bitcoinist.comBitcoin-in-Indonesia-not-186834449753e16c57601585943506a49c6ef77f-700x466.jpg,,,,0
nulltx,Coincheck,2020-03-15 03:00:52,Stolen NEM From Coincheck in 2018 is Still Available on the Darknet,"Nearly two years ago, the Japanese crypto exchange Coincheck suffered from a major hack. During that incident, millions of dollars worth of NEM currency...",https://nulltx.com/stolen-nem-from-coincheck-in-2018-is-still-available-on-the-darknet/,https://nulltx.com/wp-content/uploads/2018/10/nem-price-1001-150x150.jpg,JP Buntinx - ,https://nulltx.com/author/jdebunt2/,,1
bitcoin,Balancer,2020-06-29 00:00:00,"‘Sophisticated’ Hacker Plunders $450,000 From Defi Protocol Balancer"," Decentralized finance (Defi) protocol ​Balancer was on Sunday hacked for more than $450,000 worth of cryptocurrency. In two separate transactions, an attacker targeted two pools...",https://news.bitcoin.com/sophisticated-hacker-plunders-450000-from-defi-protocol-balancer/,https://news.bitcoin.com/wp-content/uploads/2020/06/sophisticated-hacker-plunders-450000-from-defi-protocol-balancer-150x150.jpg,,,Altcoins,1
insidebitcoins,Balancer,2020-06-29 00:00:00,"Hacker Exploits Deflationary Token to Steal $500,000 from Balancer Pool","The Balancer pool, one of the newest and most exciting decentralized finance (DeFi) pools, witnessed a security breach over the weekend. According to a company […]",https://insidebitcoins.com/news/hacker-exploits-deflationary-token-to-steal-500000-from-balancer-pool,https://insidebitcoins.com/wp-content/uploads/2020/06/2Q.jpg,,,,0
nulltx,Balancer,2020-06-29 17:35:06,DeFi Platform Balancer Notes a Security Incident,"Despite ongoing growth in the DeFi industry, security concerns remain in place today. Balancer, a project gained traction last week, has gone through a...",https://nulltx.com/defi-platform-balancer-notes-a-security-incident/,https://nulltx.com/wp-content/uploads/2018/10/facebook-hack-150x150.jpg,JP Buntinx - ,https://nulltx.com/author/jdebunt2/,,0
