,article_url,author,author_url,category,count,date_time,date_time_all,domain,entity,excerpt,image_url,source_id,text,title
0,https://bitcoinist.com/leading-binance-trader-expects-ethereum-to-rocket-higher-after-30-drop/,Nick Chong,https://bitcoinist.com/author/nickchong/,,1.0,2020-10-11 17:23:58.852227,[Timestamp('2020-10-11 17:23:58.852227')],bitcoinist,binance,"Ethereum has dropped around 30% from its recent year-to-date highs after the U.S. dollar underwent a bounce. The leading cryptocurrency currently trades for $370, $120 shy of the $490...",https://bitcoinist.com/wp-content/uploads/2020/06/shutterstock_234770113-300x200.jpg,,"Leading Binance Trader Expects Ethereum to Rocket Higher After 30% Drop Ethereum has dropped around 30% from its recent year-to-date highs after the U.S. dollar underwent a bounce. The leading cryptocurrency currently trades for $370, $120 shy of the $490...",Leading Binance Trader Expects Ethereum to Rocket Higher After 30% Drop
1,https://bitcoinist.com/binance-futures-trend-ethereum-may-soon-pop-higher-after-30-drop/,Nick Chong,https://bitcoinist.com/author/nickchong/,,1.0,2020-10-04 17:24:06.527501,[Timestamp('2020-10-04 17:24:06.527501')],bitcoinist,binance,"Ethereum may be poised to move higher after dropping 30% from last month’s highs. Futures data shows that investors are currently bearish on the cryptocurrency, which should lend...",https://bitcoinist.com/wp-content/uploads/2020/08/Depositphotos_41135595_l-2015-300x200.jpg,,"Binance Futures Trend: Ethereum May Soon Pop Higher After 30% Drop Ethereum may be poised to move higher after dropping 30% from last month’s highs. Futures data shows that investors are currently bearish on the cryptocurrency, which should lend...",Binance Futures Trend: Ethereum May Soon Pop Higher After 30% Drop
2,https://bitcoinist.com/top-binance-trader-optimistic-about-ethereum-due-to-2-technical-trends/,Nick Chong,https://bitcoinist.com/author/nickchong/,,1.0,2020-10-04 17:24:09.600676,[Timestamp('2020-10-04 17:24:09.600676')],bitcoinist,binance,Ethereum is primed to move even higher according to a top trader on Binance. He cites two technical trends: a falling wedge and ETH’s ability to maintain the low-$300s and...,https://bitcoinist.com/wp-content/uploads/2020/09/hassan-ouajbir-WtlmnZ-mqtk-unsplash-300x200.jpg,,Top Binance Trader Optimistic About Ethereum Due to 2 Technical Trends Ethereum is primed to move even higher according to a top trader on Binance. He cites two technical trends: a falling wedge and ETH’s ability to maintain the low-$300s and...,Top Binance Trader Optimistic About Ethereum Due to 2 Technical Trends
3,https://bitcoinist.com/despite-defi-pivot-binance-coin-bnb-just-formed-a-pivotal-sell-signal/,Nick Chong,https://bitcoinist.com/author/nickchong/,,1.0,2020-09-02 17:24:36.569830,[Timestamp('2020-09-02 17:24:36.569830')],bitcoinist,binance,"Binance Coin (BNB), which some see as a leading indicator for the altcoin market, has been on a strong rally over the past few weeks. The coin, after undergoing a strong correction...",https://bitcoinist.com/wp-content/uploads/2020/06/shutterstock_603234575-300x200.jpg,,"Despite DeFi Pivot, Binance Coin (BNB) Just Formed a Pivotal Sell Signal Binance Coin (BNB), which some see as a leading indicator for the altcoin market, has been on a strong rally over the past few weeks. The coin, after undergoing a strong correction...","Despite DeFi Pivot, Binance Coin (BNB) Just Formed a Pivotal Sell Signal"
4,https://bitcoinist.com/top-binance-trader-comes-next-for-the-bitcoin-market/,Nick Chong,https://bitcoinist.com/author/nickchong/,,1.0,2020-09-02 17:24:39.573459,[Timestamp('2020-09-02 17:24:39.573459')],bitcoinist,binance,"Bitcoin is in limbo as of this article’s writing, stuck above the $10,000 psychological support and below the $10,500 resistance. Both bulls and bears have valid arguments at...",https://bitcoinist.com/wp-content/uploads/2020/09/hassan-ouajbir-WtlmnZ-mqtk-unsplash-300x200.jpg,,"Top Binance Trader Thinks This Comes Next for the Bitcoin Market Bitcoin is in limbo as of this article’s writing, stuck above the $10,000 psychological support and below the $10,500 resistance. Both bulls and bears have valid arguments at...",Top Binance Trader Thinks This Comes Next for the Bitcoin Market
5,https://bitcoinist.com/polkadot-smashes-into-market-cap-top-ten/,Bitcoinist,https://bitcoinist.com/author/bitcoinist/,,1.0,2020-09-02 17:24:58.446597,[Timestamp('2020-09-02 17:24:58.446597')],bitcoinist,binance,"Faith in Polkadot hasn’t been tarnished by the ham-fisted actions of Binance and Kraken, after the cryptocurrency exchanges commenced trading for DOT two days before the token was...",https://bitcoinist.com/wp-content/uploads/2017/11/bitcoin-rockets-past-9000-e1572023512430-300x200.jpg,,"Polkadot Smashes Into Market Cap Top Ten Following DOT Redenomination Faith in Polkadot hasn’t been tarnished by the ham-fisted actions of Binance and Kraken, after the cryptocurrency exchanges commenced trading for DOT two days before the token was...",Polkadot Smashes Into Market Cap Top Ten Following DOT Redenomination
6,https://bitcoinist.com/binance-ceo-95-of-crypto-projects-are-unlikely-to-pump-this-cycle/,Nick Chong,https://bitcoinist.com/author/nickchong/,,1.0,2020-07-04 17:25:59.495064,[Timestamp('2020-07-04 17:25:59.495064')],bitcoinist,binance,"Crypto altcoins have ignored Bitcoin’s inability to rally over recent weeks. Take the chart below, which shows that BTC has strongly underperformed some of the leading...",https://bitcoinist.com/wp-content/uploads/2020/06/shutterstock_740523562-300x200.jpg,,"Binance CEO: 95% of Crypto Projects Are Unlikely to “Pump” This Cycle Crypto altcoins have ignored Bitcoin’s inability to rally over recent weeks. Take the chart below, which shows that BTC has strongly underperformed some of the leading...",Binance CEO: 95% of Crypto Projects Are Unlikely to “Pump” This Cycle
7,https://bitcoinist.com/new-users-are-flooding-to-bitcoin-will-this-catalyze-a-move-past-10000/,Cole Petersen,https://bitcoinist.com/author/colepetersen/,,1.0,2020-05-05 17:27:07.013536,[Timestamp('2020-05-05 17:27:07.013536')],bitcoinist,binance,Recent comments from the CEO of Binance seem to indicate that the cryptocurrency exchange is seeing a massive influx of new platform registrants He also notes that the activity level...,https://bitcoinist.com/wp-content/uploads/2020/05/tom-coe-xOrn1bp7eno-unsplash-300x200.jpg,,"New Users are Flooding into Bitcoin; Will This Catalyze a Move Past $10,000? Recent comments from the CEO of Binance seem to indicate that the cryptocurrency exchange is seeing a massive influx of new platform registrants He also notes that the activity level...","New Users are Flooding into Bitcoin; Will This Catalyze a Move Past $10,000?"
8,https://bitcoinist.com/this-binance-orderbook-occurrence-heavy-favors-bitcoin-longs-heres-why/,Cole Petersen,https://bitcoinist.com/author/colepetersen/,,1.0,2020-05-05 17:27:08.522259,[Timestamp('2020-05-05 17:27:08.522259')],bitcoinist,binance,The recent volatility seen within the crypto market has led to widespread liquidations amongst Bitcoin traders This has caused the open interest seen across most major exchanges to...,https://bitcoinist.com/wp-content/uploads/2020/04/max-kleinen-NZB3YWvj03Q-unsplash-300x200.jpg,,This Binance Orderbook Occurrence Heavy Favors Bitcoin Longs; Here’s Why The recent volatility seen within the crypto market has led to widespread liquidations amongst Bitcoin traders This has caused the open interest seen across most major exchanges to...,This Binance Orderbook Occurrence Heavy Favors Bitcoin Longs; Here’s Why
9,https://bitcoinist.com/binance-rejects-charges-of-embezzlement-shares-its-side-of-story/,Anatol Antonovici,https://bitcoinist.com/author/anatol/,,1.0,2020-04-05 17:27:43.567337,[Timestamp('2020-04-05 17:27:43.567337')],bitcoinist,binance,"Binance reacted to recent allegations that it had embezzled hundreds of thousands of US dollars in cryptocurrency from a user, referring to recent reports covering the situation as...",https://bitcoinist.com/wp-content/uploads/2019/07/Optimized-zhao-chanpeng-300x200.jpg,,"Binance Rejects Charges of Embezzlement, Shares Its Side of Story Binance reacted to recent allegations that it had embezzled hundreds of thousands of US dollars in cryptocurrency from a user, referring to recent reports covering the situation as...","Binance Rejects Charges of Embezzlement, Shares Its Side of Story"
10,https://bitcoinist.com/binance-charged-with-embezzling-860k-worth-of-crypto-funds/,Anatol Antonovici,https://bitcoinist.com/author/anatol/,,1.0,2020-04-05 17:27:45.380834,[Timestamp('2020-04-05 17:27:45.380834')],bitcoinist,binance,"Crypto exchange Binance was accused of freezing an account worth around $1 million. The owner accuses the platform of embezzlement, but the company says it simply followed the...",https://bitcoinist.com/wp-content/uploads/2019/12/shutterstock_1430667857-300x200.jpg,,"Binance Charged with Embezzling $860k Worth of Crypto Funds Crypto exchange Binance was accused of freezing an account worth around $1 million. The owner accuses the platform of embezzlement, but the company says it simply followed the...",Binance Charged with Embezzling $860k Worth of Crypto Funds
11,https://bitcoinist.com/coinmarketcap-addresses-binance-acquisition/,Trevor Smith,https://bitcoinist.com/author/trevor-smith/,,1.0,2020-04-05 17:27:49.969535,[Timestamp('2020-04-05 17:27:49.969535')],bitcoinist,binance,"Executives of CoinMarketCap have released an open letter discussing the Binance acquisition. In it, soon-to-be CEO Carylyne Chan seeks to reassure users that the website will remain...",https://bitcoinist.com/wp-content/uploads/2019/07/24th-July-4-300x200.jpg,,"CoinMarketCap Opens Up On the Binance Acquisition Executives of CoinMarketCap have released an open letter discussing the Binance acquisition. In it, soon-to-be CEO Carylyne Chan seeks to reassure users that the website will remain...",CoinMarketCap Opens Up On the Binance Acquisition
12,https://bitcoinist.com/binance-korean-cloud-exchange-zero-fee/,Christina Comben,https://bitcoinist.com/author/christina-comben/,,1.0,2020-04-05 17:27:49.971668,[Timestamp('2020-04-05 17:27:49.971668')],bitcoinist,binance,The leading crypto exchange quietly dropped the news that it was entering the South Korean market with Binance KR earlier this week. Not only will this be the first exchange to run on...,https://bitcoinist.com/wp-content/uploads/2019/06/shutterstock_1158983293-e1573301195127-300x200.png,,Binance Korean Cloud Exchange Adds Zero-Fee Trading The leading crypto exchange quietly dropped the news that it was entering the South Korean market with Binance KR earlier this week. Not only will this be the first exchange to run on...,Binance Korean Cloud Exchange Adds Zero-Fee Trading
13,https://bitcoinist.com/5500-bitcoin-transferred-to-binance/,Anatol Antonovici,https://bitcoinist.com/author/anatol/,,1.0,2020-04-05 17:27:53.142186,[Timestamp('2020-04-05 17:27:53.142186')],bitcoinist,binance,"Twitter bot Whale Alert reported that 5,500 Bitcoin was moved from an unknown wallet to Binance, prompting fears that the transaction might lead to a significant drop in BTC price...",https://bitcoinist.com/wp-content/uploads/2019/06/shutterstock_532287640-e1570605374684-300x200.png,,"Bitcoin Whale Sends 5,500 BTC to Binance Worth $33.8M Twitter bot Whale Alert reported that 5,500 Bitcoin was moved from an unknown wallet to Binance, prompting fears that the transaction might lead to a significant drop in BTC price...","Bitcoin Whale Sends 5,500 BTC to Binance Worth $33.8M"
14,https://bitcoinist.com/binance-to-open-office-in-shanghai-yes-really/,Christina Comben,https://bitcoinist.com/author/christina-comben/,,1.0,2020-04-05 17:27:54.679359,[Timestamp('2020-04-05 17:27:54.679359')],bitcoinist,binance,"It looks as if Binance has gone ahead and achieved the impossible. In a landmark move, CEO Changpeng Zhao (CZ) announced that Binance Academy will officially set up an office in...",https://bitcoinist.com/wp-content/uploads/2019/07/Optimized-zhao-chanpeng-300x200.jpg,,"Binance to Open Office in Shanghai – Yes, Really It looks as if Binance has gone ahead and achieved the impossible. In a landmark move, CEO Changpeng Zhao (CZ) announced that Binance Academy will officially set up an office in...","Binance to Open Office in Shanghai – Yes, Really"
15,https://bitcoinist.com/binance-distributes-hive-tokens-ignores-cease-and-desist-order/,Christina Comben,https://bitcoinist.com/author/christina-comben/,,1.0,2020-04-05 17:27:57.668452,[Timestamp('2020-04-05 17:27:57.668452')],bitcoinist,binance,"Despite Hive Blockchain Technologies Ltd. requesting a cease and desist order to stop using its name, Binance has gone ahead and completed the distribution of ‘HIVE’ crypto...",https://bitcoinist.com/wp-content/uploads/2019/12/shutterstock_1430667857-300x200.jpg,,"Binance Distributes ‘HIVE’ Tokens, Ignores Cease and Desist Order Despite Hive Blockchain Technologies Ltd. requesting a cease and desist order to stop using its name, Binance has gone ahead and completed the distribution of ‘HIVE’ crypto...","Binance Distributes ‘HIVE’ Tokens, Ignores Cease and Desist Order"
16,https://bitcoinist.com/binance-just-moved-470-8m-of-bitcoin-for-this-tiny-fee/,Christina Comben,https://bitcoinist.com/author/christina-comben/,,1.0,2020-03-06 17:28:00.823981,[Timestamp('2020-03-06 17:28:00.823981')],bitcoinist,binance,"It must be nice to hold the same amount of Bitcoin as the mightly Binance. The behemoth exchange just moved $470.8mn worth of BTC (76,125) for a minuscule $1.50 fee. Binance Moved 76K...",https://bitcoinist.com/wp-content/uploads/2020/03/shutterstock_620023871-300x200.jpg,,"Binance Just Moved $470.8M of Bitcoin For This Tiny Fee It must be nice to hold the same amount of Bitcoin as the mightly Binance. The behemoth exchange just moved $470.8mn worth of BTC (76,125) for a minuscule $1.50 fee. Binance Moved 76K...",Binance Just Moved $470.8M of Bitcoin For This Tiny Fee
17,https://bitcoinist.com/crypto-trader-gets-0-0001-link-order-partially-filled-on-binance/,Ricardo Martinez,https://bitcoinist.com/author/ricardo-martinez/,,1.0,2020-03-06 17:28:08.297303,[Timestamp('2020-03-06 17:28:08.297303')],bitcoinist,binance,"A trader who placed an order for LINK on Binance in January 2019, got extremely lucky when the asset flash crashed today on Binance. The trader’s order partially filled allowing them...",https://bitcoinist.com/wp-content/uploads/2020/02/shutterstock_289453487-300x200.jpg,,"Crypto Trader Gets $0.0001 LINK Order Partially Filled on Binance A trader who placed an order for LINK on Binance in January 2019, got extremely lucky when the asset flash crashed today on Binance. The trader’s order partially filled allowing them...",Crypto Trader Gets $0.0001 LINK Order Partially Filled on Binance
18,https://bitcoinist.com/binance-us-ceo-bitcoin-could-be-a-spaceship/,Christina Comben,https://bitcoinist.com/author/christina-comben/,,1.0,2020-03-06 17:28:19.051437,[Timestamp('2020-03-06 17:28:19.051437')],bitcoinist,binance,"Using Nasdaq as her platform Binance.US founder and CEO Catherine Coley, commented on the state of Bitcoin and cryptocurrency adoption in the US.  Misunderstanding Gap Fueled by Media...",https://bitcoinist.com/wp-content/uploads/2020/03/6-March-4-300x200.jpeg,,"Bitcoin Could be a ‘Spaceship’ for Many Americans: Binance US CEO Using Nasdaq as her platform Binance.US founder and CEO Catherine Coley, commented on the state of Bitcoin and cryptocurrency adoption in the US.  Misunderstanding Gap Fueled by Media...",Bitcoin Could be a ‘Spaceship’ for Many Americans: Binance US CEO
19,https://bitcoinist.com/okex-ceo-offers-to-help-binance/,Christina Comben,https://bitcoinist.com/author/christina-comben/,,1.0,2020-03-06 17:28:22.246261,[Timestamp('2020-03-06 17:28:22.246261')],bitcoinist,binance,"Well, this is starting to get a little awkward. Binance went down once again today due to a “message broker issue.” As Binance developers furiously worked on fixing the...",https://bitcoinist.com/wp-content/uploads/2020/03/4-March-3-300x200.jpg,,"Binance Boss Responds to OKEx CEO’s Offer for ‘Help’ With a... Well, this is starting to get a little awkward. Binance went down once again today due to a “message broker issue.” As Binance developers furiously worked on fixing the...",Binance Boss Responds to OKEx CEO’s Offer for ‘Help’ With a...
20,https://bitcoinist.com/binance-teams-up-with-turkish-bank-akbank/,Christina Comben,https://bitcoinist.com/author/christina-comben/,,1.0,2020-03-06 17:28:25.285309,[Timestamp('2020-03-06 17:28:25.285309')],bitcoinist,binance,"Turkey seems to be on a tear when it comes to cryptocurrency. And Binance is leading the pack at bringing more fiat on-ramps. Now, in a match made in heaven, the largest cryptocurrency...",https://bitcoinist.com/wp-content/uploads/2019/06/shutterstock_548812693-1-300x200.png,,"Binance Drives Crypto Adoption, Partners With Turkey’s Largest Bank Turkey seems to be on a tear when it comes to cryptocurrency. And Binance is leading the pack at bringing more fiat on-ramps. Now, in a match made in heaven, the largest cryptocurrency...","Binance Drives Crypto Adoption, Partners With Turkey’s Largest Bank"
21,https://bitcoinist.com/binance-delists-new-batch-of-crypto-trading-pairs/,Christine Vasileva,https://bitcoinist.com/author/christine/,,1.0,2020-03-06 17:28:28.196925,[Timestamp('2020-03-06 17:28:28.196925')],bitcoinist,binance,Binance sheds another group of low-performing assets to simplify its crypto trading platform. Who didn’t make the cut this time?  Binance Culls Inactive Market Pairs The Binance...,https://bitcoinist.com/wp-content/uploads/2019/09/shutterstock_1261094455-300x200.jpg,,Binance Delists New Batch of Crypto Trading Pairs Binance sheds another group of low-performing assets to simplify its crypto trading platform. Who didn’t make the cut this time?  Binance Culls Inactive Market Pairs The Binance...,Binance Delists New Batch of Crypto Trading Pairs
22,https://bitcoinist.com/craig-wright-is-a-fraud-cz-binance-ceo/,Emilio Janus,https://bitcoinist.com/author/emilio-janus/,,1.0,2020-03-06 17:28:35.645030,[Timestamp('2020-03-06 17:28:35.645030')],bitcoinist,binance,"On a slow news day, what better than a tweet from Binance CEO Changpeng Zhou (CZ) to liven things up?… A tweet from CZ beginning with the immortal phrase, “[Craig Wright]...",https://bitcoinist.com/wp-content/uploads/2020/02/shutterstock_246916189-300x200.jpg,,"Craig Wright “Is A Fraud”: Binance CEO Doesn’t Hold Back On a slow news day, what better than a tweet from Binance CEO Changpeng Zhou (CZ) to liven things up?… A tweet from CZ beginning with the immortal phrase, “[Craig Wright]...",Craig Wright “Is A Fraud”: Binance CEO Doesn’t Hold Back
23,https://bitcoinist.com/binance-ceo-responds-to-fud-about-its-malta-residency/,Trevor Smith,https://bitcoinist.com/author/trevor-smith/,,1.0,2020-03-06 17:28:37.041581,[Timestamp('2020-03-06 17:28:37.041581')],bitcoinist,binance,"Changpeng Zhou, CEO of Binance, has strongly rebuked Maltese officials that have claimed his exchange is not authorized to operate in the island nation. Zhou asserts that Binance is...",https://bitcoinist.com/wp-content/uploads/2019/04/cz2-300x200.jpg,,"Binance CEO Responds to FUD About its Malta Residency Changpeng Zhou, CEO of Binance, has strongly rebuked Maltese officials that have claimed his exchange is not authorized to operate in the island nation. Zhou asserts that Binance is...",Binance CEO Responds to FUD About its Malta Residency
24,https://bitcoinist.com/tether-slashes-30-off-tron-usdt-moves-coins-to-ethereum-network/,Christine Vasileva,https://bitcoinist.com/author/christine/,,1.0,2020-03-06 17:28:38.586052,[Timestamp('2020-03-06 17:28:38.586052')],bitcoinist,binance,"A series of large-scale transactions confused the markets today, after a unusual movement of 300M USDT tokens took place.  Tether and Binance Cooperated on the Whale Transaction and...",https://bitcoinist.com/wp-content/uploads/2020/02/shutterstock_1250084788-300x200.jpg,,"Tether Slashes 30% Off TRON-USDT, Moves Coins to Ethereum Network A series of large-scale transactions confused the markets today, after a unusual movement of 300M USDT tokens took place.  Tether and Binance Cooperated on the Whale Transaction and...","Tether Slashes 30% Off TRON-USDT, Moves Coins to Ethereum Network"
25,https://bitcoinist.com/binance-undergoes-maintenance-will-crypto-prices-dump/,Christina Comben,https://bitcoinist.com/author/christina-comben/,,1.0,2020-02-05 17:28:41.692923,[Timestamp('2020-02-05 17:28:41.692923')],bitcoinist,binance,"Binance just made an unexpected announcement. The most active cryptocurrency exchange is ‘undergoing temporary system maintenance,’ which normally doesn’t bode well...",https://bitcoinist.com/wp-content/uploads/2020/02/shutterstock_1499015951-300x200.jpg,,"Binance Undergoes ‘Maintenance’ – Will Crypto Prices Dump? Binance just made an unexpected announcement. The most active cryptocurrency exchange is ‘undergoing temporary system maintenance,’ which normally doesn’t bode well...",Binance Undergoes ‘Maintenance’ – Will Crypto Prices Dump?
26,https://bitcoinist.com/binance-futures-weekly-volume-hits-record-16b/,Anatol Antonovici,https://bitcoinist.com/author/anatol/,,1.0,2020-02-05 17:28:43.128003,[Timestamp('2020-02-05 17:28:43.128003')],bitcoinist,binance,"Binance Futures has doubled its weekly trading volumes since the start of the year, according to a recent report published on Binance blog. Binance Futures Weekly Volume Exceeds $16...",https://bitcoinist.com/wp-content/uploads/2019/12/shutterstock_1430667857-300x200.jpg,,"Binance Futures Weekly Volume Hits Record $16B Binance Futures has doubled its weekly trading volumes since the start of the year, according to a recent report published on Binance blog. Binance Futures Weekly Volume Exceeds $16...",Binance Futures Weekly Volume Hits Record $16B
27,https://bitcoinist.com/binance-to-take-on-amazon-and-google-with-crypto-cloud-services/,Martin Young,https://bitcoinist.com/author/martinjyoung/,,1.0,2020-02-05 17:28:44.548454,[Timestamp('2020-02-05 17:28:44.548454')],bitcoinist,binance,"Crypto exchange giant Binance is rapidly turning into the Google of the digital asset world. Its latest venture will even compete with the search giant, along with Amazon and Microsoft...",https://bitcoinist.com/wp-content/uploads/2020/02/binancecloud-300x200.jpg,,"Binance To Take on Amazon and Google With Crypto Cloud Services Crypto exchange giant Binance is rapidly turning into the Google of the digital asset world. Its latest venture will even compete with the search giant, along with Amazon and Microsoft...",Binance To Take on Amazon and Google With Crypto Cloud Services
28,https://bitcoinist.com/binance-delay-in-order-book/,Christina Comben,https://bitcoinist.com/author/christina-comben/,,1.0,2020-02-05 17:28:51.033337,[Timestamp('2020-02-05 17:28:51.033337')],bitcoinist,binance,Binance traders are outraged today after a ‘slight delay’ in the order book created widespread REKT-age. Binance CEO Slammed for Subpar UI Binance CEO Changpeng Zhao (CZ)...,https://bitcoinist.com/wp-content/uploads/2020/02/shutterstock_159315353-300x200.jpg,,Binance CEO Roasted for Order Book ‘Slight Delay’ Binance traders are outraged today after a ‘slight delay’ in the order book created widespread REKT-age. Binance CEO Slammed for Subpar UI Binance CEO Changpeng Zhao (CZ)...,Binance CEO Roasted for Order Book ‘Slight Delay’
29,https://bitcoinist.com/binance-ceo-first-ama-of-2020-goes-live-here-are-the-key-takeaways/,Ricardo Martinez,https://bitcoinist.com/author/ricardo-martinez/,,1.0,2020-02-05 17:29:00.979997,[Timestamp('2020-02-05 17:29:00.979997')],bitcoinist,binance,"Binance CEO Changpeng Zhao (CZ), has just given his first AMA of 2020. We’ll take a look at the most important announcements in 2020. Binance has big things planned for 2020 Binance...",https://bitcoinist.com/wp-content/uploads/2019/04/cz2-300x200.jpg,,"Binance CEO First AMA of 2020 Goes Live, Here Are The Key Takeaways Binance CEO Changpeng Zhao (CZ), has just given his first AMA of 2020. We’ll take a look at the most important announcements in 2020. Binance has big things planned for 2020 Binance...","Binance CEO First AMA of 2020 Goes Live, Here Are The Key Takeaways"
30,https://bitcoinist.com/binance-scores-former-jpmorgan-exec/,Christina Comben,https://bitcoinist.com/author/christina-comben/,,1.0,2020-02-05 17:29:14.039592,[Timestamp('2020-02-05 17:29:14.039592')],bitcoinist,binance,There seems to be nothing stopping Binance from its quest for world domination. Changpeng Zhao’s powerhouse exchange is now branching into additional markets–with former...,https://bitcoinist.com/wp-content/uploads/2019/12/shutterstock_1430667857-300x200.jpg,,Binance Scores Former JPMorgan Exec to Lead Latin Expansion There seems to be nothing stopping Binance from its quest for world domination. Changpeng Zhao’s powerhouse exchange is now branching into additional markets–with former...,Binance Scores Former JPMorgan Exec to Lead Latin Expansion
31,https://bitcoinist.com/binance-pledges-usd-1-5-million-coronavirus-victims/,Julio Gil-Pulgar,https://bitcoinist.com/author/juliogp/,,1.0,2020-02-05 17:29:21.999788,[Timestamp('2020-02-05 17:29:21.999788')],bitcoinist,binance,Bitcoin exchange Binance is leading the charity effort to provide support to coronavirus victims by pledging $1.5 million. Binance Leading the Effort to Help Coronavirus Victims The...,https://bitcoinist.com/wp-content/uploads/2020/01/26-January-4-300x200.jpg,,Binance Pledges $1.5 Million for Coronavirus Victims Bitcoin exchange Binance is leading the charity effort to provide support to coronavirus victims by pledging $1.5 million. Binance Leading the Effort to Help Coronavirus Victims The...,Binance Pledges $1.5 Million for Coronavirus Victims
32,https://bitcoinist.com/binance-bitmex-dominate-bitcoin-perpetual-futures-markets/,Martin Young,https://bitcoinist.com/author/martinjyoung/,,1.0,2020-02-05 17:29:26.761458,[Timestamp('2020-02-05 17:29:26.761458')],bitcoinist,binance,A recent crypto exchange review has revealed that the two dominant forces in bitcoin perpetual futures were Binance and BitMEX commanding 40% of the market between them. Top exchanges...,https://bitcoinist.com/wp-content/uploads/2020/01/23-January-1-e1579768977167-300x200.jpg,,"BitMEX, Binance Dominate Bitcoin Perpetual Futures Markets A recent crypto exchange review has revealed that the two dominant forces in bitcoin perpetual futures were Binance and BitMEX commanding 40% of the market between them. Top exchanges...","BitMEX, Binance Dominate Bitcoin Perpetual Futures Markets"
33,https://bitcoinist.com/binance-coin-bnb-worth-usd-38-million-token-burn/,Ali,https://bitcoinist.com/author/aliraza/,,1.0,2020-01-06 17:29:32.575660,[Timestamp('2020-01-06 17:29:32.575660')],bitcoinist,binance,"Binance carried out its 10th token burn, removing ~$38.8 million worth of BNB from circulation, forever. Binance Performs its 10th Quarterly Token Burn The malta-based crypto exchange...",https://bitcoinist.com/wp-content/uploads/2020/01/18-January-1-e1579344856683-300x200.jpg,,"Binance Coins (BNB) Worth $38.8 Million Now ‘Out of Circulation’ Binance carried out its 10th token burn, removing ~$38.8 million worth of BNB from circulation, forever. Binance Performs its 10th Quarterly Token Burn The malta-based crypto exchange...",Binance Coins (BNB) Worth $38.8 Million Now ‘Out of Circulation’
34,https://bitcoinist.com/binance-yahoo-japan-subsidiaries-crypto-partnership/,Martin Young,https://bitcoinist.com/author/martinjyoung/,,1.0,2020-01-06 17:29:35.634165,[Timestamp('2020-01-06 17:29:35.634165')],bitcoinist,binance,Crypto exchange giant Binance has announced two major partnerships with subsidiaries of Yahoo Japan. This is big news for the industry. Binance Eyes Crypto Expansion in Japan According...,https://bitcoinist.com/wp-content/uploads/2020/01/17-January-1-300x200.jpg,,Crypto Exchange Binance to Partner With Yahoo’s Japanese Divisions Crypto exchange giant Binance has announced two major partnerships with subsidiaries of Yahoo Japan. This is big news for the industry. Binance Eyes Crypto Expansion in Japan According...,Crypto Exchange Binance to Partner With Yahoo’s Japanese Divisions
35,https://bitcoinist.com/bitcoin-sv-climbs-to-flippen-binance-coin-bnb/,Christine Vasileva,https://bitcoinist.com/author/christine/,,1.0,2020-01-06 17:29:44.094983,[Timestamp('2020-01-06 17:29:44.094983')],bitcoinist,binance,"Bitcoin SV (BSV) has rallied strongly in January, expanding its price by 50%. The project’s proponents spent the past few months promising “something big” for the coin. Bitcoin...",https://bitcoinist.com/wp-content/uploads/2020/01/shutterstock_439081510-300x200.jpg,,"Bitcoin SV, Binance Feud Heats Up as BSV Flips BNB Bitcoin SV (BSV) has rallied strongly in January, expanding its price by 50%. The project’s proponents spent the past few months promising “something big” for the coin. Bitcoin...","Bitcoin SV, Binance Feud Heats Up as BSV Flips BNB"
36,https://bitcoinist.com/binance-stablecoin-receives-nydfs-approval/,Ali,https://bitcoinist.com/author/aliraza/,,1.0,2020-01-06 17:29:51.596785,[Timestamp('2020-01-06 17:29:51.596785')],bitcoinist,binance,"According to a recent announcement by one of the world’s largest crypto exchanges, Binance, its USD-backed stablecoin was just approved by the New York State Department of...",https://bitcoinist.com/wp-content/uploads/2019/09/shutterstock_1149005132-300x200.jpg,,"Binance Stablecoin Receives NYDFS Approval According to a recent announcement by one of the world’s largest crypto exchanges, Binance, its USD-backed stablecoin was just approved by the New York State Department of...",Binance Stablecoin Receives NYDFS Approval
37,https://bitcoinist.com/binance-to-give-away-tesla-cybertruck-in-xmas-troy-promotion/,Emilio Janus,https://bitcoinist.com/author/emilio-janus/,,1.0,2020-01-06 17:30:06.017290,[Timestamp('2020-01-06 17:30:06.017290')],bitcoinist,binance,"Cryptocurrency exchange, Binance, has announced a Christmas ‘Give Away’ of a Tesla Cybertruck and $50k of TROY tokens. Of course, ‘Give Away’ might be a...",https://bitcoinist.com/wp-content/uploads/2019/12/shutterstock_1572301324-300x200.jpg,,"Binance to Give Away Tesla Cybertruck In Xmas TROY Promotion Cryptocurrency exchange, Binance, has announced a Christmas ‘Give Away’ of a Tesla Cybertruck and $50k of TROY tokens. Of course, ‘Give Away’ might be a...",Binance to Give Away Tesla Cybertruck In Xmas TROY Promotion
38,https://cryptonews.com/news/binance-stays-quiet-after-fisco-accuses-it-of-facilitating-b-7725.htm,,,,1.0,2020-09-16 14:51:55.000000,[Timestamp('2020-09-16 14:51:55')],cryptonews,binance,,"data:image/gif;base64,R0lGODlhAQABAAAAACH5BAEKAAEALAAAAAABAAEAAAICTAEAOw==",,"Binance Stays Quiet after Fisco Accuses it of Facilitating BTC 1,450 Laundry ","Binance Stays Quiet after Fisco Accuses it of Facilitating BTC 1,450 Laundry"
39,https://cryptonews.com/news/binance-takes-the-largest-piece-of-crypto-activity-pie-in-af-7666.htm,,,,1.0,2020-09-09 23:00:00.000000,[Timestamp('2020-09-09 23:00:00')],cryptonews,binance,,"data:image/gif;base64,R0lGODlhAQABAAAAACH5BAEKAAEALAAAAAABAAEAAAICTAEAOw==",,Binance Takes The Largest Piece of Crypto Activity Pie in Africa ,Binance Takes The Largest Piece of Crypto Activity Pie in Africa
40,https://cryptonews.com/news/chainlink-binance-coin-weekend-rally-stalls-on-monday-7642.htm,,,,1.0,2020-09-07 14:44:02.000000,[Timestamp('2020-09-07 14:44:02')],cryptonews,binance,,"data:image/gif;base64,R0lGODlhAQABAAAAACH5BAEKAAEALAAAAAABAAEAAAICTAEAOw==",,"Chainlink, Binance Coin Weekend Rally Stalls On Monday ","Chainlink, Binance Coin Weekend Rally Stalls On Monday"
41,https://cryptonews.com/news/binance-coin-is-undervalued-kucoin-shares-overvalued-tokenin-7626.htm,,,,1.0,2020-09-04 21:38:12.000000,[Timestamp('2020-09-04 21:38:12')],cryptonews,binance,,"data:image/gif;base64,R0lGODlhAQABAAAAACH5BAEKAAEALAAAAAABAAEAAAICTAEAOw==",,"Binance Coin is Undervalued, KuCoin Shares Overvalued - TokenInsight ","Binance Coin is Undervalued, KuCoin Shares Overvalued - TokenInsight"
42,https://cryptonews.com/news/binance-prepares-for-the-next-wave-with-largest-upgrade-6963.htm,,,,1.0,2020-06-29 10:51:18.000000,[Timestamp('2020-06-29 10:51:18')],cryptonews,binance,,"data:image/gif;base64,R0lGODlhAQABAAAAACH5BAEKAAEALAAAAAABAAEAAAICTAEAOw==",,Binance Prepares ‘For the Next Wave’ With ‘Largest Upgrade’ ,Binance Prepares ‘For the Next Wave’ With ‘Largest Upgrade’
43,https://cryptonews.com/news/binance-teams-up-with-payments-firm-to-allow-low-fee-crypto-6935.htm,,,,1.0,2020-06-25 16:10:00.000000,[Timestamp('2020-06-25 16:10:00')],cryptonews,binance,,"data:image/gif;base64,R0lGODlhAQABAAAAACH5BAEKAAEALAAAAAABAAEAAAICTAEAOw==",,Binance Teams up with Payments Firm to Allow ‘Low-fee’ Crypto Buying ,Binance Teams up with Payments Firm to Allow ‘Low-fee’ Crypto Buying
44,https://cryptonews.com/news/binance-re-entering-china-via-blockchain-not-crypto-road-6581.htm,,,,1.0,2020-05-19 13:20:22.000000,[Timestamp('2020-05-19 13:20:22')],cryptonews,binance,,"data:image/gif;base64,R0lGODlhAQABAAAAACH5BAEKAAEALAAAAAABAAEAAAICTAEAOw==",,Binance Re-entering China via 'Blockchain not Crypto' Road ,Binance Re-entering China via 'Blockchain not Crypto' Road
45,https://cryptonews.com/news/new-libra-might-help-crypto-adoption-binance-research-6374.htm,,,,1.0,2020-04-23 14:30:30.000000,[Timestamp('2020-04-23 14:30:30')],cryptonews,binance,,"data:image/gif;base64,R0lGODlhAQABAAAAACH5BAEKAAEALAAAAAABAAEAAAICTAEAOw==",,New Libra Might Help Crypto Adoption - Binance Research ,New Libra Might Help Crypto Adoption - Binance Research
46,https://cryptonews.com/news/blockchain-com-s-best-quarter-parallel-binance-chain-more-ne-6325.htm,,,,1.0,2020-04-17 17:59:02.000000,[Timestamp('2020-04-17 17:59:02')],cryptonews,binance,,"data:image/gif;base64,R0lGODlhAQABAAAAACH5BAEKAAEALAAAAAABAAEAAAICTAEAOw==",,"Blockchain.com's 'Best Quarter', Parallel Binance Chain + More News ","Blockchain.com's 'Best Quarter', Parallel Binance Chain + More News"
47,https://cryptonews.com/news/there-s-still-money-for-ieos-blockchain-fundraising-will-gro-6314.htm,,,,1.0,2020-04-16 18:50:50.000000,[Timestamp('2020-04-16 18:50:50')],cryptonews,binance,,"data:image/gif;base64,R0lGODlhAQABAAAAACH5BAEKAAEALAAAAAABAAEAAAICTAEAOw==",,There's Still Money for IEOs; Blockchain Fundraising Will Grow - Binance CEO ,There's Still Money for IEOs; Blockchain Fundraising Will Grow - Binance CEO
48,https://cryptonews.com/news/binance-announces-binance-card-how-does-it-compare-to-coinba-6142.htm,,,,1.0,2020-03-27 13:44:58.000000,[Timestamp('2020-03-27 13:44:58')],cryptonews,binance,,"data:image/gif;base64,R0lGODlhAQABAAAAACH5BAEKAAEALAAAAAABAAEAAAICTAEAOw==",,Binance Announces Binance Card; How Does it Compare to Coinbase Card? ,Binance Announces Binance Card; How Does it Compare to Coinbase Card?
49,https://cryptonews.com/news/binance-ceo-urges-unfairly-affected-users-to-contact-the-exc-5822.htm,,,,1.0,2020-02-19 13:04:00.000000,[Timestamp('2020-02-19 13:04:00')],cryptonews,binance,,"data:image/gif;base64,R0lGODlhAQABAAAAACH5BAEKAAEALAAAAAABAAEAAAICTAEAOw==",,Binance CEO Urges 'Unfairly Affected' Users to Contact the Exchange (UPDATED) ,Binance CEO Urges 'Unfairly Affected' Users to Contact the Exchange (UPDATED)
50,https://cryptonews.com/news/ledger-binance-fell-victims-of-bull-run-5803.htm,,,,1.0,2020-02-17 17:13:05.000000,[Timestamp('2020-02-17 17:13:05')],cryptonews,binance,,"data:image/gif;base64,R0lGODlhAQABAAAAACH5BAEKAAEALAAAAAABAAEAAAICTAEAOw==",,"Ledger, Binance fell ""Victims"" of Bull Run ","Ledger, Binance fell ""Victims"" of Bull Run"
51,https://cryptonews.com/news/resurfaced-binance-whitepaper-change-prompts-transparency-qu-5587.htm,,,,1.0,2020-01-22 14:25:00.000000,[Timestamp('2020-01-22 14:25:00')],cryptonews,binance,,"data:image/gif;base64,R0lGODlhAQABAAAAACH5BAEKAAEALAAAAAABAAEAAAICTAEAOw==",,Resurfaced Binance Whitepaper Change Prompts Transparency Questions ,Resurfaced Binance Whitepaper Change Prompts Transparency Questions
52,https://cryptonews.com/news/binance-to-fuel-competition-in-p2p-crypto-trading-market-5585.htm,,,,1.0,2020-01-22 11:53:26.000000,[Timestamp('2020-01-22 11:53:26')],cryptonews,binance,,"data:image/gif;base64,R0lGODlhAQABAAAAACH5BAEKAAEALAAAAAABAAEAAAICTAEAOw==",,Binance to Fuel Competition in P2P Crypto Trading Market ,Binance to Fuel Competition in P2P Crypto Trading Market
53,https://cryptonews.com/news/binance-eyes-japanese-market-with-yahoo-japan-taotao-partner-5550.htm,,,,1.0,2020-01-17 11:57:01.000000,[Timestamp('2020-01-17 11:57:01')],cryptonews,binance,,"data:image/gif;base64,R0lGODlhAQABAAAAACH5BAEKAAEALAAAAAABAAEAAAICTAEAOw==",,"Binance Eyes Japanese Market with Yahoo Japan, TaoTao Partnership ","Binance Eyes Japanese Market with Yahoo Japan, TaoTao Partnership"
54,https://cryptonews.com/news/corrupt-otc-brokers-sent-dirty-usd-1-5bn-in-bitcoin-to-binan-5539.htm,,,,1.0,2020-01-16 12:45:42.000000,[Timestamp('2020-01-16 12:45:42')],cryptonews,binance,,"data:image/gif;base64,R0lGODlhAQABAAAAACH5BAEKAAEALAAAAAABAAEAAAICTAEAOw==",,Corrupt OTC Brokers Sent Dirty USD 1.5bn in Bitcoin to Binance and Huobi - Report ,Corrupt OTC Brokers Sent Dirty USD 1.5bn in Bitcoin to Binance and Huobi - Report
55,https://cryptonews.com/news/litecoin-rallies-binance-announces-ltc-usdt-perpetual-contra-5474.htm,,,,1.0,2020-01-08 15:20:08.000000,[Timestamp('2020-01-08 15:20:08')],cryptonews,binance,,"data:image/gif;base64,R0lGODlhAQABAAAAACH5BAEKAAEALAAAAAABAAEAAAICTAEAOw==",,"Litecoin Rallies, Binance Announces LTC/USDT Perpetual Contract ","Litecoin Rallies, Binance Announces LTC/USDT Perpetual Contract"
