entity,news,reddit,twitter
0x ecosystem,0.0,0.0,0.0
0xuniverse,0.0,0.0,0.0
1inch.exchange,0.0,0.0,0.0
2miners,0.0,0.0,0.0
aave,0.0,0.0,1.0
abcc,0.0,0.0,0.0
airswap,0.0,0.0,0.0
allbit,0.0,0.0,0.0
alphapool,0.0,0.0,0.0
altpool,0.0,0.0,0.0
amadeusrelay,0.0,0.0,0.0
antpool,0.0,0.0,0.0
baikalmine,0.0,0.0,0.0
bamboo relay,0.0,0.0,0.0
bancor,0.0,0.0,0.0
basic attention token,0.0,0.0,0.0
beepool,0.0,0.0,0.0
bgogo,0.0,0.0,0.0
bigone,0.0,0.0,0.0
bilaxy,0.0,0.0,0.0
binance,1.0,5.0,1.0
binancesg,0.0,0.0,0.0
bitbox,0.0,0.0,0.0
bitclubpool,0.0,0.0,0.0
biteye,0.0,0.0,0.0
bitfinex,0.0,1.0,1.0
bitfront,0.0,0.0,0.0
bithumb,0.0,0.0,1.0
bithumbsg,0.0,0.0,0.0
bitmart,0.0,0.0,0.0
bitmax,0.0,0.0,0.0
bitpanda,0.0,0.0,0.0
bitstamp,0.0,0.0,0.75
bittrex,0.0,1.0,1.0
blockchain cuties,0.0,0.0,0.0
blockfi,0.0,1.0,1.0
btc.com pool,0.0,0.0,0.0
bw pool,0.0,0.0,0.0
celsius network,0.0,0.0,0.0
chibi fighters,0.0,0.0,0.0
cobinhood,0.0,0.0,0.0
cobo,0.0,0.0,1.0
coinbase,0.0,9.0,1.0
coinex,0.0,0.0,0.0
coinhako,0.0,0.0,0.0
coinmine,0.0,0.0,0.0
coinone,0.0,0.0,0.0
coinotron,0.0,0.0,0.0
coinrail,0.0,0.0,0.0
cointiger,0.0,0.0,0.0
compound,0.0,1.0,0.0
coss.io,0.0,0.0,0.0
cruxpool,0.0,0.0,0.0
crypto.com,0.0,1.0,0.0
cryptodozer,0.0,0.0,0.0
cryptokitties,0.0,0.0,1.0
cryptopia,0.0,0.0,2.0
cryptorome,0.0,0.0,0.0
cryptosaga,0.0,0.0,0.0
cryptowars,0.0,0.0,0.0
curve.fi,0.0,0.0,0.0
dapp,0.0,1.0,1.0
ddex,0.0,0.0,0.0
decentraland,0.0,0.0,0.0
deversifi,0.0,0.0,0.0
dex,0.0,1.0,1.0
dex.blue,0.0,0.0,0.0
dex.top,0.0,0.0,0.0
digifinex,0.0,0.0,0.0
dragonereum,0.0,0.0,0.0
dragonex,0.0,0.0,0.0
dwarfpool,0.0,0.0,0.0
dydx,0.0,0.0,0.0
ens,0.0,0.0,0.0
erc dex,0.0,0.0,0.0
eth.pp.ua,0.0,0.0,0.0
ethashpool,0.0,0.0,0.0
etherdelta,0.0,0.0,0.0
etherdig,0.0,0.0,0.0
etheremon,0.0,0.0,0.0
ethereum foundation,0.0,0.0,0.0
ethereumpool,0.0,0.0,0.0
ethermine,0.0,0.0,0.0
etheroll,0.0,0.0,0.0
ethfinex,0.0,0.0,0.0
ethpool,0.0,0.0,0.0
evolution land,0.0,0.0,0.0
exmo,0.0,0.0,0.0
extremehash,0.0,0.0,0.0
ezilpool,0.0,0.0,0.0
f2pool,0.0,0.0,0.0
fcoin,0.0,0.0,0.0
firepool,0.0,0.0,0.0
fkpool,0.0,0.0,0.0
foam,0.0,0.0,1.0
forsage.io,0.0,0.0,0.0
freewallet,0.0,0.0,0.0
ftx,0.0,0.0,1.0
gate.io,0.0,0.0,0.0
gemini,0.0,1.0,1.0
genesis mining,0.0,0.0,0.0
gnosis,0.0,0.0,1.0
gods unchained,0.0,0.0,0.0
gopax,0.0,0.0,0.0
hashon pool,0.0,0.0,0.0
hitbtc,0.0,0.0,1.0
hiveon pool,0.0,0.0,0.0
hotbit,0.0,0.0,0.0
huixingpool,0.0,0.0,0.0
huobi,0.0,0.0,0.0
hydro,0.0,0.0,2.0
hyper dragons,0.0,0.0,0.0
ico wallet,0.0,0.0,0.0
idex,0.0,0.0,1.0
idt exchange,0.0,0.0,0.0
indodax,0.0,0.0,0.0
kraken,0.0,1.0,1.0
kryptono,0.0,0.0,0.0
kryptosx,0.0,0.0,0.0
kucoin,0.0,0.0,0.75
kuna.io,0.0,0.0,0.0
kuverapool,0.0,0.0,0.0
latoken,0.0,0.0,0.0
ledgerdex,0.0,0.0,0.0
lendfme,0.0,0.0,0.0
liqui,0.0,0.0,0.0
liquid,0.0,1.0,1.0
localethereum,0.0,0.0,0.0
lordless,0.0,0.0,0.0
luno,0.0,0.0,0.0
maker,0.0,1.0,1.0
matic network,0.0,0.0,0.0
matpool,0.0,0.0,0.0
maxhash,0.0,0.0,0.0
megacryptopolis,0.0,0.0,0.0
melon,0.0,0.0,0.0
mercatox,0.0,0.0,0.0
million.money,0.0,0.0,0.0
minerall pool,0.0,0.0,0.0
mining express,0.0,0.0,0.0
miningpoolhub,0.0,0.0,0.0
mxc,0.0,0.0,0.0
my crypto heroes,0.0,0.0,0.0
myminers.org,0.0,0.0,0.0
nanopool,0.0,0.0,0.0
neon district,0.0,0.0,0.0
nexo,0.0,1.0,0.0
noobpool,0.0,0.0,0.0
oasisdex,0.0,0.0,0.0
okex,0.0,0.0,0.0
openrelay,0.0,0.0,0.0
opensea,0.0,0.0,0.0
otc,0.0,0.0,1.0
pandapool,0.0,0.0,0.0
paradex,0.0,0.0,0.0
paribu,0.0,0.0,0.0
parity,0.0,0.0,2.0
paxos,0.0,0.0,0.0
poloniex,0.0,0.0,1.0
poolhub,0.0,0.0,0.0
quadrigacx,0.0,0.0,0.0
radar relay,0.0,0.0,0.0
remitano,0.0,0.0,0.0
saturnpool,0.0,0.0,0.0
shapeshift,0.0,0.0,0.0
shark relay,0.0,0.0,0.0
solopool,0.0,0.0,0.0
spam token,0.0,0.0,0.0
spark pool,0.0,0.0,0.0
star bit ex,0.0,0.0,0.0
storj,0.0,0.0,0.0
suprnova,0.0,0.0,0.0
switcheo,0.0,0.0,0.0
synthetix,0.0,0.0,1.0
tether,0.0,3.0,1.0
tokensets,0.0,0.0,0.0
trade.io,0.0,0.0,0.0
trusttoken,0.0,0.0,0.0
uleypool,0.0,0.0,0.0
uniswap,0.0,1.0,1.0
upbit,0.0,0.0,1.0
uupool,0.0,0.0,0.0
waterholepool,0.0,0.0,0.0
weipool,0.0,0.0,0.0
whalesburg,0.0,0.0,0.0
white hat group,0.0,0.0,0.0
wrapped ether,0.0,0.0,0.0
xnpool.cn,0.0,0.0,0.0
zb.com,0.0,0.0,0.0
zethr,0.0,0.0,0.0
zipmex,0.0,0.0,0.0
altsbit,0.0,0.0,0.0
coincheck,0.0,0.0,1.0
balancer,0.0,0.0,1.0
