Unnamed: 0,date_time,label,text,pred,raw_output_0,raw_output_1,prob
281,2019-06-05 22:23:00,1,"Any news, @GateHub? You do realize that more than 100 hacked customers are still waiting for information from your side, don't you?",0,1.6455378532409668,-1.5807043313980103,0.038190038203928314
280,2019-06-05 22:55:00,0,"No, I'm not trolling. I thought eFin was decentralised. If it really is, then someone could create something like Gatehub for it... just like they did for the XRP Ledger DEX. The Ledger you apparently haven't studied despite being the first and oldest DEX in existence.",0,2.2071588039398193,-2.320068597793579,0.010694988701253665
279,2019-06-05 22:56:00,0,"If you are trying to claim that they couldn't do that, then you are saying the eFin is not actually decentralised, as you are saying there is some authority that could prevent someone from creating a 3rd party wallet to interact with it.",0,2.1733486652374268,-2.3018696308135986,0.011259515565132472
278,2019-06-05 22:58:00,1,There are no keys handed over to the DEX on the XRP Ledger itself either. But that doesn't stop someone from creating a UI or frontend of some kind to the DEX (like Gatehub) that does indeed take the keys from the user and use them to submit transactions to the DEX.,0,2.2107808589935303,-2.3282883167266846,0.010570418800824264
277,2019-06-05 23:39:00,0,Friend asked just deleted the wallet there and keep save the private key. Is it good enough?,0,1.9698915481567383,-1.9629238843917847,0.01921210955001428
276,2019-06-05 23:41:00,1,"Iâve got lost around 2M XRP at @GateHub Aug 2016. They totally didnât help me. Just ask me âplease destroy your accounts and create new account!!â , actually I didnât understand clearly at that moment. Finally lost all my coin. just my Bad experience...",0,0.6614338755607605,-0.42435887455940247,0.2524113585802285
275,2019-06-05 23:45:00,0,Itâs a bit sad ... If Still having that kind of problem.,0,1.987177848815918,-1.9295766353607178,0.01951709458162648
293,2019-06-07 23:04:00,0,It's an interesting read. I don't need others to draw conclusions for me and I am well aware that a lot of content out there is crap. But thanks for pointing it out.,0,2.1129157543182373,-2.196434497833252,0.013263982670194166
292,2019-06-07 23:41:00,1,"GateHub Gets Hacked, $9.5 Million in XRP Stolen http://dlvr.it/R6DSZtÂ pic.twitter.com/ct8YEkh1py",1,-2.3023855686187744,2.701483726501465,0.9933328233311595
274,2019-06-08 19:55:00,1,"Hackers steal $9.5 million from GateHub cryptocurrency wallets

Hackers have stolen 23.2 million Ripple coins (XRP), worth around $9.5 million, from the GateHub cryptocurrency wallet service users.

The companyâ¦ https://www.instagram.com/p/BydhUXngg0J/?igshid=zyr500px53smÂ â¦",1,-2.3424503803253174,2.7382266521453857,0.9938226968981699
272,2019-06-08 20:50:00,1,"Cryptocurrency wallet GateHub hacked, nearly $10 million stolen https://www.tripwire.com/state-of-security/featured/cryptocurrency-wallet-gatehub-hacked/Â â¦",1,-2.340240716934204,2.7471492290496826,0.9938637721229076
273,2019-06-08 20:50:00,0,"@Ripple @bgarlinghouse @JoelKatz WTF is doing @GateHub with our #XRP / #money ???
ð ð ð https://twitter.com/cryptkingr/status/1137296714916716544Â â¦",0,2.1884920597076416,-2.2477524280548096,0.0117017688926772
271,2019-06-08 23:13:00,0,"Luckily all my funds are safu, in 2017 i had all funds on gatehub ð",0,2.238084316253662,-2.392524242401123,0.009654702563683348
288,2019-06-09 17:12:00,1,"Cryptocurrency wallet GateHub hacked, nearly $10 million worth of Ripple (XRP) stolen https://spinsafe.com/cryptocurrency-wallet-gatehub-hacked-nearly-10-million-worth-of-ripple-xrp-stolen/Â â¦",1,-2.339409589767456,2.7398459911346436,0.9938139642739091
287,2019-06-09 17:19:00,1,"Cryptocurrency wallet GateHub hacked, nearly $10 million worth of Ripple (XRP) stolen http://i.securitythinkingcap.com/R6JRFg",1,-2.339409828186035,2.7398459911346436,0.9938139657396515
286,2019-06-09 18:00:00,0,"Spring/Summer is the Best Time to Get a #Mortgage, According to Ratehub Data http://ow.ly/FfPL30oTPs1Â pic.twitter.com/QUL83rt8A1",0,2.3612067699432373,-2.52462100982666,0.00749625086022872
285,2019-06-09 19:22:00,1,"Cryptocurrency wallet GateHub hacked, nearly $10 million worth of Ripple (XRP) stolen ... by Graham Cluley #cryptocurrency articles #gatehub #itsecurityanddataprotection #komodohttps://securityboulevard.com/2019/06/cryptocurrency-wallet-gatehub-hacked-nearly-10-million-worth-of-ripple-xrp-stolenÂ â¦",1,-2.2723488807678223,2.7035415172576904,0.993144945777398
284,2019-06-09 19:25:00,0,"We'd love to see it! But if not the API, normal integration would be awesome too: https://docs.xrpscan.com/integration-guide.htmlÂ â¦",0,2.2884981632232666,-2.413559675216675,0.008994936477378616
283,2019-06-09 20:17:00,0,"Youâre welcome to send a mail to info@xrpforensics.org. Weâre gathering evidence and tracking funds, scope of heist and trying to help victims in several ways.",0,1.4511122703552246,-1.2277796268463135,0.06423044665696706
282,2019-06-09 22:35:00,1,"Cryptocurrency Wallet Service GateHub Hacked, 23 Million XRP Stolen #CryptoCurrency #crypto #blockchainhttps://www.cryptoglobe.com/latest/2019/06/cryptocurrency-wallet-service-gatehub-hacked-23-million-xrp-stolen/Â â¦",1,-2.291639804840088,2.6957244873046875,0.9932226204071937
291,2019-06-10 19:00:00,1,"Cryptocurrency wallet GateHub hacked, nearly $10 million worth of Ripple (XRP) stolen

https://tripwire.me/2WtI2MsÂ 
#cryptocurrency #cybersecurity https://lnkd.in/euy2DTk",1,-2.335609197616577,2.737889528274536,0.9937784716600045
290,2019-06-10 20:49:00,0,@gatehub is the biggest POS Iâve encountered. You canât send less than .006 btc out of your account... cool so I guess yâall just made a cool $60 bucks off me since Iâll never use your service again and you wonât let me withdraw all my funds like every other service!! #scam,0,2.1510798931121826,-2.252387285232544,0.012086963747091025
289,2019-06-10 21:00:00,1,"GateHub Users Loser $9.7M to Hackers

http://bit.ly/2XCwymjÂ pic.twitter.com/ehHeW8uOzs",1,-2.0864803791046143,2.481433629989624,0.9897270402204187
270,2019-06-12 19:21:00,0,Crypto exchange space needs something similar to FDIC. It would be a huge boost for adoption and would provide incentive to investigate stolen funds and boost better security.,0,2.385195016860962,-2.538487195968628,0.007219798749800133
269,2019-06-12 19:46:00,0,"They didn't brute force the secret keys, if they brute forced, they brute forced the GateHub encrypted keys as encrypted by Gatehub. Instead of forever (XRPL account secrets, aka ""family seeds"" that will only take a max of 2 to 3 years on a decent modern computer.",0,2.0403640270233154,-2.085858106613159,0.01588727250534991
268,2019-06-12 20:35:00,0,"Haha, justice! You still owe me 32,000 XRP from Sept 2017!!",0,1.964156985282898,-2.009566068649292,0.018456258458391335
267,2019-06-12 21:21:00,0,"GateHub Haha, justice! You still owe me 32,000 XRP from Sept 2017!!",0,1.9184342622756958,-1.94414222240448,0.020581297000390526
266,2019-06-12 22:10:00,0,"GateHub Haha, justice! You still owe me 32,000 XRP from Sept 2017!!",0,1.9184341430664062,-1.9441423416137695,0.020581297000390526
241,2019-06-26 23:18:00,0,"ð³ 40,000 BTR #CONTEST ð³ð¥
ð¥ BITRUE COIN & EXCHANGE #GIVEAWAY

TO ENTER:

1â£ CLICK LINK BELOW & SIGN-UP

2â£ FOLLOW @BitrueOfficial & @cryptoadventura 

3â£ TAG 2 FRIENDS, LIKE & RETWEET

#blockchain $XRP #crypto #bitcoin
https://bitrue.cryptoadventure.net/12914/7790025",0,2.2776057720184326,-2.3690812587738037,0.00950217424434638
240,2019-06-26 23:19:00,0,Easiest way to buy #crypto with FIAT! $XRP-friendly exchange Bitrue (@bitrueofficial) adds Credit Card purchases helps customers accumulate their favorite token/coins via interesting investing programs. Visit: http://bit.ly/2EqRTHXÂ  #Bitrue,0,2.4196267127990723,-2.6473071575164795,0.0062622495213149835
239,2019-06-26 23:25:00,0,"I just signed up at Bitrue (@BitrueOfficial) Exchange! They offer: 
1â£Airdrops.
2â£Daily $XRP drops.
3â£7.3% Interest with power piggy.
4â£$XRP base pair.
5â£ Credit Card Purchases
6â£Customer support 
7â£Promotions & more

http://bit.ly/2ZHZ33r",0,2.406872510910034,-2.623246908187866,0.006495561583383156
238,2019-06-26 23:45:00,0,"Assumption alert ð¨they printed a crap ton of tether right before btc took off. Pumped the crap out of it. This morning bitfinex goes down, then rumored Bitrue hack, then Coinbase goes down binance lags. What if powers that be wanted to see if the exchanges can handle the volume?",0,1.950913429260254,-1.9164845943450928,0.02048433016060101
265,2019-06-26 23:58:00,0,Happy Birthday Nan Canât Lie I Ainât Been Myself Since Youâve Been Gone Wish You Was Still Here I Love And Miss You Everydayðð,0,1.9850354194641113,-1.9408447742462158,0.019343226955503123
220,2019-06-27 23:25:00,1,System vulnerability exploited in $4.7 million BitrueÂ heist https://www.cryptopolitan.com/system-vulnerability-exploited-in-4-7-million-bitrue-heist/Â â¦pic.twitter.com/5JdVZ86avC,1,-2.2530269622802734,2.6546247005462646,0.9926643871076216
219,2019-06-27 23:33:00,0,"Showering us loyal Bitrue users with BTR baby!, would be epic!",0,2.311610221862793,-2.390390396118164,0.008995446556459813
218,2019-06-27 23:57:00,0,"I also use cred, they're great.  But recently I started lending my $XRP on Bitrue. Interest rate is 7.3%, no lock up period, and you get paid interest in XRP. 
 https://www.bitrue.com/activity/task/task-landing?inviteCode=EWLQGTÂ â¦",0,2.2845942974090576,-2.445749282836914,0.008746266808240666
264,2019-06-27 23:59:00,0,San Fran Nan was worried her people would jump the fence around her house after her comments on decriminalizing illegal entry.,0,1.8341610431671143,-1.7595760822296143,0.026759618483662297
227,2019-06-28 22:34:00,1,System vulnerability exploited in $4.7 million Bitrue heist http://j.mp/2ZRZjMD,1,-2.272822380065918,2.67647385597229,0.9929614959703772
226,2019-06-28 22:50:00,1,"Singapore-based Cryptocurrency Exchange Bitrue Hacked Losing $4M in Ripple and Cardano
https://cryptoinvestornews.tumblr.com/post/185918035508Â â¦
#Blockchain #Crypto #Cryptocurrency #Altcoinpic.twitter.com/3DugduTCs7",1,-2.2198588848114014,2.628871202468872,0.9922226362856998
225,2019-06-28 23:07:00,1,System vulnerability exploited in $4.7 million Bitrue heist - https://www.cryptosquawk.com/feed-items/system-vulnerability-exploited-in-4-7-million-bitrue-heist/Â â¦,1,-2.2720248699188232,2.6735968589782715,0.9929357684003922
224,2019-06-28 23:11:00,1,When binance was hacked someone in bg telegram group told me to use bitrue! Well luckily I DIDNT!,0,1.4027361869812012,-1.2750508785247803,0.06429688443138717
223,2019-06-28 23:12:00,0,"ð³ 40,000 BTR #CONTEST ð³ð¥
ð¥ BITRUE COIN & EXCHANGE #GIVEAWAY

TO ENTER:

1â£ CLICK LINK BELOW & SIGN-UP

2â£ FOLLOW @BitrueOfficial & @cryptoadventura 

3â£ TAG 2 FRIENDS, LIKE & RETWEET

#blockchain $XRP #crypto #bitcoin
https://bitrue.cryptoadventure.net/12914/7812714",0,2.2776057720184326,-2.3690812587738037,0.00950217424434638
222,2019-06-28 23:35:00,0,Bitrue is leading the way to trust our assets with exchanges. If we leave our assets in ledgers there will be no economy in the crypto world. Took over a century for the public to trust traditional banks. If more exc like Bitrue it will be faster,0,2.4026541709899902,-2.6281983852386475,0.006490832090130917
221,2019-06-28 23:50:00,0,"ð³ 40,000 BTR #CONTEST ð³ð¥
ð¥ BITRUE COIN & EXCHANGE #GIVEAWAY

TO ENTER:

1â£ CLICK LINK BELOW & SIGN-UP

2â£ FOLLOW @BitrueOfficial & @cryptoadventura 

3â£ TAG 2 FRIENDS, LIKE & RETWEET

#blockchain $XRP #crypto #bitcoin
https://bitrue.cryptoadventure.net/12914/7811017",0,2.2776057720184326,-2.3690812587738037,0.00950217424434638
256,2019-06-29 21:02:00,0,"Download Bitrue App and sign up, get Sign-up Package at once. Open the package you will have a chance to win 60,000 XRP!  Moreover, inviting friends will get commission rebate up to 50%! https://www.bitrue.com/activity/task/task-landing?inviteCode=QTWELHÂ â¦",0,2.3884730339050293,-2.60113787651062,0.006762273346946026
255,2019-06-29 22:01:00,0,Binance To Launch An âAnti-Fraud Systemâ As Bitrue Receives Praises In Response To The Hack https://bitcoinexchangeguide.com/binance-to-launch-an-anti-fraud-system-as-bitrue-receives-praises-in-response-to-the-hack/?utm_source=dlvr.it&utm_medium=twitterÂ â¦ #Binance,0,2.2839527130126953,-2.1795341968536377,0.011390869649915517
254,2019-06-29 23:03:00,1,"Crypto exchange Bitrue hacked, $4.5m worth crypto stolen https://buff.ly/2YbwR7XÂ pic.twitter.com/M7l55sTHzW",1,-2.3314619064331055,2.72721791267395,0.9936861753462074
253,2019-06-29 23:17:00,1,"Singaporean Exchange Bitrue Gets Hacked, Losing $5 Million in XRP, Cardano https://cointelegraph.com/news/singaporean-exchange-bitrue-gets-hacked-losing-5-million-in-xrp-cardanoÂ â¦ #Ethereum #Crypto #blockchain #Bitcoin #ETH #BTC #share2steem #ThachSanh #Cointelegraph

Singapore-based cryptocurrency exchange Bitrue has suffered a major hack, losing 9.3 milliâ¦",1,-2.2454984188079834,2.6673624515533447,0.9927022223382241
250,2019-06-29 23:19:00,1,"Singaporean Exchange Bitrue Gets Hacked, Losing $5 Million in XRP,Â Cardano https://somsirsa.wordpress.com/2019/06/30/singaporean-exchange-bitrue-gets-hacked-losing-5-million-in-xrp-cardano-4/Â â¦pic.twitter.com/WnmrRKoptc",1,-2.2741141319274902,2.6746339797973633,0.9929576641142749
251,2019-06-29 23:19:00,1,"Singaporean Exchange Bitrue Gets Hacked, Losing $5 Million in XRP, Cardano https://ift.tt/2YkfORaÂ  * * * * * I love rewards. I love tips too. http://tinyurl.com/y55tsmz6Â pic.twitter.com/wff0qKri93",1,-2.1866610050201416,2.5707626342773438,0.9914854148048702
252,2019-06-29 23:19:00,1,"Singaporean Exchange Bitrue Gets Hacked, Losing $5 Million in XRP, Cardano https://ift.tt/2YkfORa",1,-2.2741141319274902,2.6746339797973633,0.9929576641142749
237,2019-06-30 20:33:00,0,â¤â¤â¤ Nice increase @bitrue!!! Loving this!!,0,2.31573748588562,-2.3767378330230713,0.009080758462267297
236,2019-06-30 20:39:00,1,"Singaporean Exchange Bitrue Gets Hacked, Losing $5 Million in XRP, Cardano
https://cointelegraph.com/news/singaporean-exchange-bitrue-gets-hacked-losing-5-million-in-xrp-cardanoÂ â¦
#Altcoin, #Hacks, #Crimes, #Cryptocurrency exchange, #Cardano, #XRP, #Ripple",1,-2.2284295558929443,2.6363131999969482,0.992345235149988
235,2019-06-30 20:40:00,1,"Singaporean Exchange Bitrue Gets Hacked, Losing $5 Million in XRP, Cardano https://ift.tt/2YkfORa",1,-2.2741141319274902,2.6746342182159424,0.9929576657814743
234,2019-06-30 20:42:00,1,"Singaporean Exchange Bitrue Gets Hacked, Losing $5 Million in XRP, Cardano https://cointelegraph.com/news/singaporean-exchange-bitrue-gets-hacked-losing-5-million-in-xrp-cardanoÂ â¦ #Ethereum #Crypto #blockchain #Bitcoin #ETH #BTC #share2steem #ThachSanh #Cointelegraph

Singapore-based cryptocurrency exchange Bitrue has suffered a major hack, losing 9.3 milliâ¦",1,-2.2454984188079834,2.6673624515533447,0.9927022223382241
233,2019-06-30 20:43:00,1,"#XRP News for the #XRPcommunity Singaporean Exchange Bitrue Gets Hacked, Losing $5 Million in XRP, Cardano https://ift.tt/2YkfORa",1,-2.248051881790161,2.6696202754974365,0.9927369953055809
232,2019-06-30 20:43:00,1,"Singaporean Exchange Bitrue Gets Hacked, Losing $5 Million in XRP, Cardano https://ift.tt/2YkfORaÂ pic.twitter.com/UJ3biwsohU",1,-2.2741141319274902,2.6746339797973633,0.9929576641142749
230,2019-06-30 20:44:00,1,"Singaporean Exchange Bitrue Gets Hacked, Losing $5 Million in XRP, Cardano https://ift.tt/2YkfORaÂ  * * * * * I love rewards. I love tips too. http://tinyurl.com/y55tsmz6Â pic.twitter.com/v1sc4VxpJg",1,-2.1866610050201416,2.5707626342773438,0.9914854148048702
231,2019-06-30 20:44:00,1,"Singaporean Exchange Bitrue Gets Hacked, Losing $5 Million in XRP,Â Cardano https://somsirsa.wordpress.com/2019/07/01/singaporean-exchange-bitrue-gets-hacked-losing-5-million-in-xrp-cardano-5/Â â¦pic.twitter.com/2Rqtzti0Qu",1,-2.2741141319274902,2.6746339797973633,0.9929576641142749
229,2019-06-30 22:40:00,0,"Download Bitrue App and sign up, get Sign-up Package at once. Open the package you will have a chance to win 60,000 XRP!  Moreover, inviting friends will get commission rebate up to 50%! https://www.bitrue.com/activity/task/task-landing?inviteCode=QAHZGGÂ â¦",0,2.38847279548645,-2.601137399673462,0.00676227815099507
228,2019-06-30 23:54:00,1,Singapore's crypto exchange Bitrue loses nearly US$5M to hacking attack https://e27.co/singapores-crypto-exchange-bitrue-loses-nearly-us5m-to-hacking-attack-20190628/Â â¦,1,-2.3050143718719482,2.7078659534454346,0.9933922363909101
262,2019-07-01 18:20:00,0,Bitrue does not except USD. This isnât much of a good website for me because all I wanna do is buy XRP! Makes no sense to buy with a credit card. Solution?,0,2.1686251163482666,-2.2895634174346924,0.011450690011912472
261,2019-07-01 19:50:00,0,Keep yo' eyes peeled for some great new content from @EzFundamentalsð¥ð¥ð¥ $BTC $XRP $GVT #cryptocurrency #cryptotwitter #bitcoin #Binance #bitrue #coinbase #blockchain #HODL,0,2.334991693496704,-2.436974287033081,0.008392690854289328
260,2019-07-01 20:17:00,0,"ð  40,000 BTR #CONTEST ð 
ð¥ BITRUE COIN & EXCHANGE #GIVEAWAY

TO ENTER:

1â£ CLICK LINK BELOW & SIGN-UP

2â£ FOLLOW @BitrueOfficial & @bjammerboy
3â£ TAG 2 FRIENDS, LIKE & RETWEET

#blockchain $XRP #crypto #bitcoin $BTC https://bitrue.cryptoadventure.net/12914/7587332",0,2.2944328784942627,-2.382730722427368,0.009219578641725394
259,2019-07-01 20:30:00,0,"Happy g8monday (and July morning) with the new portion of crypto highlights!

https://bit.ly/2FOAOZcÂ 
#g8pool #g8monday #crypto #cryptotrends #bitcoin #Libra #Bitstamp #Binance #VISA #Bitrue #Cardano #Huobi #Coinmarketcappic.twitter.com/0QRAJaCDdo",0,2.3114750385284424,-2.395810842514038,0.00894845299012398
257,2019-07-01 21:23:00,1,"#XRP News for the #XRPcommunity Singaporean Exchange Bitrue Gets Hacked, Losing $5 Million in XRP, Cardano https://ift.tt/2YkfORa",1,-2.248051881790161,2.6696202754974365,0.9927369953055809
258,2019-07-01 21:23:00,1,"Singaporean Exchange Bitrue Gets Hacked, Losing $5 Million in XRP,Â Cardano https://somsirsa.wordpress.com/2019/07/02/singaporean-exchange-bitrue-gets-hacked-losing-5-million-in-xrp-cardano-7/Â â¦pic.twitter.com/zRdUfLcH7f",1,-2.2741141319274902,2.6746339797973633,0.9929576641142749
263,2019-07-01 23:59:00,0,"None, as in Nan done none & No luck cry'in Chuck. Q's? Don't ask! You already have the answer. If only Hosts had a memory. 24 her news doesn't mean 'Stupid' is as stupid says? Remember the 'Arizona'. 9/11 and so much love 4 Mr. Alvarez & family, may 'God' bless. @realDonaldTrump",0,2.0134661197662354,-2.0140156745910645,0.017507182734422852
249,2019-07-03 21:35:00,0,"Congrats Bitrue!!!!!!
Everything on place
ððððððð",0,2.1929266452789307,-2.218533992767334,0.011991886210906914
248,2019-07-03 21:53:00,0,"Not until my withdrawal is processed.  It's just sitting ""frozen"" in my Brother account after I initiated the withdrawal.  Has anyone successful finished a withdrawal  from Bitrue today?",0,2.065211772918701,-2.0910167694091797,0.015424877955069837
247,2019-07-03 21:55:00,0,@BitrueOfficial I sent some #XRP to my Bitrue account but it hasn't shown up. It's been ~15 minutes. Any problems with deposits?,0,1.4515947103500366,-1.2493095397949219,0.06292001940571638
246,2019-07-03 22:09:00,0,"Dude how much are they paying you and Tiff Hayden to shill this shit? You sound like you just left a back alley massage parlor with all those shills. #Bitrue is not trustworthy n only a Ledger Nano X can be trusted. ð

Hodl #XRP!! 

Wonka Knows!! ð¥ð¥ð¥https://shop.ledger.com?r=706fdcc74bcbshop.ledger.com/?r=706fdcc74bcb",0,1.8969132900238037,-1.8959217071533203,0.022035146248080843
245,2019-07-03 22:32:00,0,"Bitrue $BTR starts trading soon! Do you have an account yet? Download Bitrue App and sign up, get Sign-up Package at once. Open the package you will have a chance to win 60,000 XRP!  Moreover, inviting friends will get commission rebate up to 50%! https://www.bitrue.com/activity/task/task-landing?inviteCode=EZWAGQÂ â¦",0,2.362050771713257,-2.5784919261932373,0.007099946931488135
244,2019-07-03 22:40:00,0,BTC $11800 everywhere but Bitrue where itâs only $11214.      Doesnât look good,0,1.6127817630767822,-1.6061477661132812,0.03845955240418881
243,2019-07-03 22:49:00,0,Thanks for keeping us posted. ð Wishing the Bitrue team all the best.,0,2.297598123550415,-2.3805975914001465,0.009210155489664217
242,2019-07-03 22:50:00,0,"Good for her , good for bitrue , good for curls wang , if you want to win a T-shirt , go ahead wonka. And no did not get paid !!!!

https://twitter.com/xrptwin/status/1145600951933394944?s=21Â â¦",0,2.196164608001709,-2.274120569229126,0.011314567307721214
210,2019-11-27 23:45:00,1,"It's not a matter of ""if"", but ""when?"". Unfortunately all Crypto Exchanges end up suffering this fate at some point and Upbit Exchange has been the next one ! See me talk about it + Travala & http://Booking.comÂ  partnering: #cryptocurrency #upbithack https://www.youtube.com/watch?v=csAwRmvHHpwÂ â¦pic.twitter.com/ijOEI9WiFO",0,1.9797123670578003,-1.9318337440490723,0.019617012756478033
213,2019-11-28 22:52:00,1,Upbit Becomes The Latest Exchange To Be Hacked As $50 Million In Ether Is Stolen - https://cryptonewsking.com/2019/11/28/upbit-becomes-the-latest-exchange-to-be-hacked-as-50-million-in-ether-is-stolen/Â â¦ - -pic.twitter.com/YzjZzxB7PO,1,-2.2619245052337646,2.674237012863159,0.9928691009853281
212,2019-11-28 23:25:00,1,"S.Korean Crypto Exchange UpBit Gets Hacked, $50 Million in Ether Stolen â Finance Magnates 
https://www.financemagnates.com/cryptocurrency/news/upbit-gets-hacked-50-million-in-ether-stolen/Â â¦",1,-2.2827212810516357,2.7006232738494873,0.9931955080429624
211,2019-11-28 23:37:00,1,"Jeff Paik:""Heard an interesting conspiracy that exchanges hack themselve to avoid taxes. Korean Tax Service told Bithumb to pay $30m tax in June 8, 2018. -> Bithumb got hacked $35m 12 days later. Upbit was ordered to pay 50-60m tax in Jan 8, 2019. -> Upbit got hacked 50m todâ¦",1,-1.0684869289398193,1.461776852607727,0.9262363776520244
214,2019-11-29 21:26:00,1,"I am stunned at the amount that can be stolen from these exchanges, but with $100 billion in estimated crypto currency, it shouldn't be surprising.

Hackers Steal $49 Million in Ethereum From Upbit Exchange https://bit.ly/2qTbYTCÂ  via @bnkinfosecuritypic.twitter.com/3UjprTCSW5",1,-1.5991911888122559,2.045938730239868,0.974546771435666
209,2019-11-30 21:49:00,1,"Crypto Tidbits: Bakktâs Bitcoin Futures Surge, UpBit Hacked for $50 Million in Ethereum, US Arrests BlockchainÂ Researcher https://www.cryptoalphanews.com/2019/11/30/crypto-tidbits-bakkts-bitcoin-futures-surge-upbit-hacked-for-50-million-in-ethereum-us-arrests-blockchain-researcher/Â â¦pic.twitter.com/xMKDBuTGKH",1,-2.0148963928222656,2.469804525375366,0.9888455642071239
208,2019-11-30 22:23:00,1,"Bakktâs Bitcoin Futures Surge, UpBit Hacked for $50 Million in Ethereum, US Arrests BlockchainÂ Researcher http://libr.co/bakkts-bitcoin-futures-surge-upbit-hacked-for-50-million-in-ethereum-us-arrests-blockchain-researcher/Â â¦pic.twitter.com/JcRg0FXRdb",1,-2.0886809825897217,2.5195672512054443,0.9901291384079499
207,2019-11-30 22:53:00,1,"Hey, check this out: [Crypto Tidbits: Bakktâs Bitcoin Futures Surge, UpBit Hacked for $50 Million in Ethereum, US Arrests Blockchain Researcher] (via Quarry app)
https://quarryshare.page.link/oPMmeoMz5mq84yyZ7Â â¦",1,-1.877081274986267,2.3476555347442627,0.985581742881049
206,2019-11-30 23:05:00,1,"CRYPTO SAVVY: Weekly Crypto Market Analysis: Bitcoin Struggles, Altcoins Stagnate and UpBit gets Hacked http://dlvr.it/RKRFWwÂ  â¶ via http://nash.pressÂ   â",1,-1.2814725637435913,1.7979880571365356,0.9560375201934946
205,2019-11-30 23:16:00,1,Cryptocurrency Exchange UpBit Loses $52m in Attack https://www.infosecurity-magazine.com:443/news/cryptocurrency-upbit-loses-52/infosecurity-magazine.com/news/cryptocurÂ â¦ #InfoSecMag via @SecurityNewsbot,1,-2.301600217819214,2.7194840908050537,0.9934458707654452
204,2019-11-30 23:52:00,1,"Crypto Tidbits: Bakktâs Bitcoin Futures Surge, UpBit Hacked for $50 Million in Ethereum, US Arrests Blockchain Researcher - newsBTC http://dlvr.it/RKRK4kÂ pic.twitter.com/ZObfQjBuEo",1,-2.018362283706665,2.4751880168914795,0.9889427519554066
203,2019-12-01 21:55:00,1,"attack of the 50 foot blockchain: news: idax and upbit hacks, binance threatens the block, tether sued again, libra association, craig wright attorney fees, eos centralises, https://davidgerard.co.uk/blockchain/2019/12/01/news-idax-and-upbit-hacks-binance-threatens-the-block-tether-sued-again-libra-association-craig-wright-attorney-fees-eos-centralises/Â â¦",1,-1.2601189613342285,1.6272093057632446,0.9472164612634921
202,2019-12-01 22:01:00,0,"Do you remember AskMeHowToShort?

Justin Sun dinner with W. Buffet?

The Tesla Giveaway?

The Binance hack?

Bitcoin ETFs?

Latest Racoon scam?

Coinsignal?

Lmao, do you even remember the Upbit hack?

Crypto Twitter has the memory of a Gold Fish bowl and it's fascinating.",0,2.1580069065093994,-2.2125136852264404,0.01248676529714511
201,2019-12-01 22:04:00,1,"News: IDAX and Upbit hacks, Binance threatens The Block, Tether sued again, Libra Association, Craig...

#london #binance #eos #feehttps://davidgerard.co.uk/blockchain/2019/12/01/news-idax-and-upbit-hacks-binance-threatens-the-block-tether-sued-again-libra-association-craig-wright-attorney-fees-eos-centralises/Â â¦",1,-1.5518178939819336,1.9625449180603027,0.9710936835615628
200,2019-12-01 22:33:00,0,"That's the point.

Like the Upbit hack.

It just fades away so fast, and the reason Racoon is still scamming it's because everybody moves on so quick in this little echo chamber haha",0,2.048534631729126,-2.0309226512908936,0.01663523181549049
199,2019-12-01 22:45:00,1,"Crypto Tidbits: Bakktâs Bitcoin Futures Surge, UpBit Hacked for $50 Million in Ethereum, US Arrests Blockchain Researcher https://www.newsbtc.com/2019/11/30/crypto-tidbits-bakkt-bitcoin-upbit-hack-ethereum-us-arrests/Â â¦",1,-2.0279128551483154,2.478111982345581,0.9890783321261376
198,2019-12-01 23:14:00,1,"#bithumbglobal better safety then #upbit lol

after upbit got hacked they released this https://twitter.com/BithumbGlobal/status/1200258692991447040Â â¦",0,1.591354250907898,-1.4552993774414062,0.045362165964889005
197,2019-12-01 23:31:00,1,Upbit Crypto Exchange Hacked Losing Cryptocurrency Worth $48.5 Million - https://blockfxgold.com/crypto/upbit-crypto-exchange-hacked-losing-cryptocurrency-worth-48-5-million/Â â¦pic.twitter.com/x2dfSvaNWo,1,-2.266340970993042,2.6757962703704834,0.9929112850325542
217,2019-12-03 19:56:00,1,Crypto Panic: ON YOUR RADAR: BTC S2F || Upbit & IDAX Blunders http://dlvr.it/RKc2dtÂ  ðCrypto Cashflow via â http://cashdaily.proÂ pic.twitter.com/wrovSynFjR,1,-1.53215754032135,1.9582440853118896,0.970413429155858
216,2019-12-03 20:19:00,1,Situations where the leaders of cryptocurrency exchanges were hiding with client savings have happened repeatedly in the past. Just a few days ago it became known about the theft of $ 52 million in the Ethereum cryptocurrency - customers of South Korean exchange Upbit suffered,1,-1.887627363204956,2.299076557159424,0.9850311799392576
215,2019-12-03 23:52:00,1,"@cz_binance Has #Binance blacklisted the $billions in scammed #BTC related to the #PlusToken #scam, and the $50m in #ETH just stolen from #Upbit, amongst other large scam wallets currently in circulation and threatening the entire crypto market? #crypto #crime #bitcoin #bnb",1,-1.6930625438690186,2.091186761856079,0.9777790743134063
0,2020-07-16 15:00:00,0,"We created an Identity for the firm, that challenges the space within the different communication media and creates additional space within the imagination of the viewer.
https://www.behance.net/gallery/98771909/Studio-Stummer?tracking_source=best_of_behanceÂ â¦pic.twitter.com/XcKlVXTWlD",0,2.382732629776001,-2.5995700359344482,0.00681153686245206
343,2020-08-31 12:08:00,0,"A Celebrity Lover? Click Here And Discover Your Kowledge

https://cupofc.com/click.php?key=zjaxjxp12vcoivri8fbvÂ â¦pic.twitter.com/BvkAltf6WM",0,2.267336368560791,-2.398160219192505,0.009326764407275626
