,article_url,author,author_url,category,count,date_time,date_time_all,date_time_first,domain,entity,excerpt,image_url,source_id,text,title
0,https://cryptoslate.com/top-defi-coins-yearn-finance-yfi-and-aave-rip-10-higher-as-bitcoin-holds-13k/,Nick Chong,,,1.0,2020-10-25 01:51:54.451111,[Timestamp('2020-10-25 01:51:54.451111')],,cryptoslate,Aave,The past seven days have actually been quite mediocre for top coins in the decentralized finance (DeFi) space. ,,post-174596,Top DeFi coins Yearn.finance (YFI) and AAVE rip 10% higher as Bitcoin holds $13k The past seven days have actually been quite mediocre for top coins in the decentralized finance (DeFi) space. ,Top DeFi coins Yearn.finance (YFI) and AAVE rip 10% higher as Bitcoin holds $13k
1,https://cryptoslate.com/this-user-lost-1m-of-top-defi-coin-aave-aave-by-accident-heres-why/,Nick Chong,,,1.0,2020-10-18 01:51:54.451338,[Timestamp('2020-10-18 01:51:54.451338')],,cryptoslate,Aave,"Just recently, top Ethereum decentralized finance project Aave began transitioning its native token LEND to a new token called AAVE. ",,post-174328,"This user lost $1m of top DeFi coin Aave (AAVE) by accident: here’s why Just recently, top Ethereum decentralized finance project Aave began transitioning its native token LEND to a new token called AAVE. ",This user lost $1m of top DeFi coin Aave (AAVE) by accident: here’s why
2,https://cryptoslate.com/yearn-finance-yfi-price-rallies-towards-20000-following-aave-listing/,Cole Petersen,,,1.0,2020-09-02 01:51:54.451535,[Timestamp('2020-09-02 01:51:54.451535')],,cryptoslate,Aave,Yearn.finance (YFI) has been one of the most successful protocols within the DeFi sector in terms of sheer growth over the past few months. ,,post-171074,"Yearn.finance (YFI) price rallies towards $20,000 following Aave listing Yearn.finance (YFI) has been one of the most successful protocols within the DeFi sector in terms of sheer growth over the past few months. ","Yearn.finance (YFI) price rallies towards $20,000 following Aave listing"
3,https://cryptoslate.com/aave-lend-becomes-first-ethereum-defi-token-to-hit-1-billion-valuation/,Nick Chong,,,1.0,2020-09-02 01:51:54.451728,[Timestamp('2020-09-02 01:51:54.451728')],,cryptoslate,Aave,"A year or two ago, most decentralized finance (DeFi) protocols and their respective tokens were unknown. ",,post-171002,"Aave (LEND) becomes first Ethereum DeFi token to hit $1 billion valuation A year or two ago, most decentralized finance (DeFi) protocols and their respective tokens were unknown. ",Aave (LEND) becomes first Ethereum DeFi token to hit $1 billion valuation
4,https://cryptoslate.com/undercollaterized-loans-come-to-defi-project-aave-lend/,Shaurya Malwa,,,1.0,2020-07-04 01:51:55.269947,[Timestamp('2020-07-04 01:51:55.269947')],,cryptoslate,Aave,"Just when you thought DeFi couldn’t get crazier, there’s now a method to burrow loans on zero capital. ",,post-138723,"Undercollaterized loans come to DeFi project Aave (LEND) Just when you thought DeFi couldn’t get crazier, there’s now a method to burrow loans on zero capital. ",Undercollaterized loans come to DeFi project Aave (LEND)
0,https://cryptoslate.com/heres-why-basic-attention-tokens-on-chain-metrics-are-exploding-as-gemini-prepares-listing/,Ali Martinez,,,1.0,2020-04-05 01:52:18.722235,[Timestamp('2020-04-05 01:52:18.722235')],,cryptoslate,Basic Attention Token,Gemini announced that it will be listing Basic Attention Token to its retail platform for United States cryptocurrency investors. ,,post-129957,Here’s why Basic Attention Token’s on-chain metrics are exploding as Gemini prepares listing Gemini announced that it will be listing Basic Attention Token to its retail platform for United States cryptocurrency investors. ,Here’s why Basic Attention Token’s on-chain metrics are exploding as Gemini prepares listing
1,https://cryptoslate.com/basic-attention-token-jumps-11-as-binance-futures-launches-bat-perpetual-contracts/,Ali Martinez,,,1.0,2020-02-05 01:52:18.722458,[Timestamp('2020-02-05 01:52:18.722458')],,cryptoslate,Basic Attention Token,Binance announced the introduction of a new Basic Attention Token derivative product. ,,post-125337,Basic Attention Token jumps 11% as Binance Futures launches BAT perpetual contracts Binance announced the introduction of a new Basic Attention Token derivative product. ,Basic Attention Token jumps 11% as Binance Futures launches BAT perpetual contracts
0,https://cryptoslate.com/this-newly-launched-crypto-token-just-pumped-1000-following-binance-listing/,Cole Petersen,,,1.0,2020-10-25 01:52:24.519744,[Timestamp('2020-10-25 01:52:24.519744')],,cryptoslate,Binance,"As the DeFi market’s momentum continues stagnating, return hungry crypto investors have been flocking to presales and new token listings to try to garner massive profits in a short amount of time. ",,post-174575,"This newly launched crypto token just pumped 1000% following Binance listing As the DeFi market’s momentum continues stagnating, return hungry crypto investors have been flocking to presales and new token listings to try to garner massive profits in a short amount of time. ",This newly launched crypto token just pumped 1000% following Binance listing
1,https://cryptoslate.com/top-binance-traders-flip-long-on-ethereum-as-market-structure-grows-strong/,Cole Petersen,,,1.0,2020-09-02 01:52:24.520153,[Timestamp('2020-09-02 01:52:24.520153')],,cryptoslate,Binance,"Ethereum has shaken off the intense weakness it expressed throughout the day yesterday, with the cryptocurrency’s bulls now flexing immense signs of strength as its price pushes up towards the key resistance at $380. ",,post-171986,"Top Binance traders flip long on Ethereum as market structure grows strong Ethereum has shaken off the intense weakness it expressed throughout the day yesterday, with the cryptocurrency’s bulls now flexing immense signs of strength as its price pushes up towards the key resistance at $380. ",Top Binance traders flip long on Ethereum as market structure grows strong
2,https://cryptoslate.com/binance-chain-is-getting-its-own-defi-yield-farms-after-ethereum/,Nick Chong,,,1.0,2020-09-02 01:52:24.520339,[Timestamp('2020-09-02 01:52:24.520339')],,cryptoslate,Binance,"For the past few months, decentralized finance (DeFi) has blown up. ",,post-171892,"Binance Chain is getting its own DeFi yield farms after Ethereum For the past few months, decentralized finance (DeFi) has blown up. ",Binance Chain is getting its own DeFi yield farms after Ethereum
3,https://cryptoslate.com/tellor-trb-secures-coveted-binance-listing-as-oracle-bull-run-continues/,Cole Petersen,,,1.0,2020-09-02 01:52:24.520525,[Timestamp('2020-09-02 01:52:24.520525')],,cryptoslate,Binance,"The DeFi sector’s massive growth in recent weeks has given rise to other fragments of the crypto market, with decentralized finance’s reliance on oracles driving investor demand to these types of projects. ",,post-171021,"Tellor (TRB) secures coveted Binance listing as oracle bull run continues The DeFi sector’s massive growth in recent weeks has given rise to other fragments of the crypto market, with decentralized finance’s reliance on oracles driving investor demand to these types of projects. ",Tellor (TRB) secures coveted Binance listing as oracle bull run continues
4,https://cryptoslate.com/binance-ceo-has-an-explanation-for-a-possible-tiktok-driven-altseason/,Shaurya Malwa,,,1.0,2020-07-04 01:52:25.377094,[Timestamp('2020-07-04 01:52:25.377094')],,cryptoslate,Binance,Cryptocurrencies are not the first thing on one’s mind when they hear about TikTok. ,,post-138736,Binance CEO has an explanation for a possible TikTok-driven altseason Cryptocurrencies are not the first thing on one’s mind when they hear about TikTok. ,Binance CEO has an explanation for a possible TikTok-driven altseason
5,https://cryptoslate.com/binance-gets-the-third-ever-crypto-emoji-on-twitter-following-crypto-com-and-bitcoin/,Priyeshu Garg,,,1.0,2020-07-04 01:52:25.377319,[Timestamp('2020-07-04 01:52:25.377319')],,cryptoslate,Binance,"Binance, one of the largest crypto exchanges in the world, has officially received the third ever branded Twitter emoji in the industry, after Bitcoin and Crypto dot com. ",,post-138087,"Binance gets the third-ever crypto emoji on Twitter, following Crypto.com and Bitcoin Binance, one of the largest crypto exchanges in the world, has officially received the third ever branded Twitter emoji in the industry, after Bitcoin and Crypto dot com. ","Binance gets the third-ever crypto emoji on Twitter, following Crypto.com and Bitcoin"
6,https://cryptoslate.com/digibyte-dgb-sees-its-price-surge-35-after-binance-listing/,Priyeshu Garg,,,1.0,2020-07-04 01:52:25.377510,[Timestamp('2020-07-04 01:52:25.377510')],,cryptoslate,Binance,Blockchain network Digibyte (DGB) has seen the price of its native token DGB skyrocket after it was listed on Binance earlier today. ,,post-137302,DigiByte (DGB) sees its price surge 35% after Binance listing Blockchain network Digibyte (DGB) has seen the price of its native token DGB skyrocket after it was listed on Binance earlier today. ,DigiByte (DGB) sees its price surge 35% after Binance listing
7,https://cryptoslate.com/binance-uk-set-to-go-live-this-summer-with-fiat-onboarding-in-gbp-and-eur/,Priyeshu Garg,,,1.0,2020-06-04 01:52:25.377695,[Timestamp('2020-06-04 01:52:25.377695')],,cryptoslate,Binance,"Binance, one of the largest cryptocurrency exchanges in the world, will be launching a United Kingdom platform this summer. ",,post-136829,"Binance UK set to go live this summer with fiat onboarding in GBP and EUR Binance, one of the largest cryptocurrency exchanges in the world, will be launching a United Kingdom platform this summer. ",Binance UK set to go live this summer with fiat onboarding in GBP and EUR
8,https://cryptoslate.com/metrics-show-80-percent-of-stablecoins-like-tether-and-binance-usd-are-held-by-only-six-accounts/,Shaurya Malwa,,,1.0,2020-06-04 01:52:25.377883,[Timestamp('2020-06-04 01:52:25.377883')],,cryptoslate,Binance,"Long touted as an alternative to fiat currencies without the volatility of digital assets like Bitcoin, stablecoins and related companies mushroomed in late-2018; with a lot of projects even getting venture funded. ",,post-136224,"Metrics show 80 percent of stablecoins like Tether and Binance USD are held by only six accounts Long touted as an alternative to fiat currencies without the volatility of digital assets like Bitcoin, stablecoins and related companies mushroomed in late-2018; with a lot of projects even getting venture funded. ",Metrics show 80 percent of stablecoins like Tether and Binance USD are held by only six accounts
9,https://cryptoslate.com/binance-research-to-reinvent-site-integrating-new-crypto-data-tools-from-intotheblock/,Cole Petersen,,,1.0,2020-06-04 01:52:25.378070,[Timestamp('2020-06-04 01:52:25.378070')],,cryptoslate,Binance,"Binance Research – the analytics division of cryptocurrency exchange Binance – is moving to reinvent their website, partnering with the Miami-based data visualization platform IntoTheBlock (ITB) to offer the crypto market with deep insights into on-chain data. ",,post-134131,"Binance Research to reinvent site, integrating new crypto data tools from IntoTheBlock Binance Research – the analytics division of cryptocurrency exchange Binance – is moving to reinvent their website, partnering with the Miami-based data visualization platform IntoTheBlock (ITB) to offer the crypto market with deep insights into on-chain data. ","Binance Research to reinvent site, integrating new crypto data tools from IntoTheBlock"
10,https://cryptoslate.com/one-chart-shows-how-binance-grew-so-shockingly-fast-in-crypto-since-2018/,Joseph Young,,,1.0,2020-04-05 01:52:26.196752,[Timestamp('2020-04-05 01:52:26.196752')],,cryptoslate,Binance,"Researchers at Glassnode conducted an in-depth research of the on-chain data of Binance, one of the world’s largest crypto exchanges, comparing its growth with other trading platforms. ",,post-130166,"One chart shows how Binance grew so shockingly fast in crypto since 2018 Researchers at Glassnode conducted an in-depth research of the on-chain data of Binance, one of the world’s largest crypto exchanges, comparing its growth with other trading platforms. ",One chart shows how Binance grew so shockingly fast in crypto since 2018
11,https://cryptoslate.com/binance-ceo-akon-and-other-big-names-to-speak-at-blockdown-2020-virtual-conference-on-april-16/,Priyeshu Garg,,,1.0,2020-04-05 01:52:26.196973,[Timestamp('2020-04-05 01:52:26.196973')],,cryptoslate,Binance,"Changpeng Zhao, the CEO of Binance will be delivering a keynote speech and an AMA at the BlockDown 2020 virtual conference. ",,post-129517,"Binance CEO and Akon, other big names to speak at BlockDown 2020 virtual conference on April 16-17 Changpeng Zhao, the CEO of Binance will be delivering a keynote speech and an AMA at the BlockDown 2020 virtual conference. ","Binance CEO and Akon, other big names to speak at BlockDown 2020 virtual conference on April 16-17"
12,https://cryptoslate.com/binance-and-others-overtake-bitmex-as-most-used-bitcoin-derivatives-platform/,Nick Chong,,,1.0,2020-04-05 01:52:26.197163,[Timestamp('2020-04-05 01:52:26.197163')],,cryptoslate,Binance,"As CryptoSlate has detailed extensively over the past few weeks, the dynamic of the crypto market has dramatically changed ever since March 12’s Bitcoin flash crash, during which the market capitalization of the space lost almost 50 percent within a 24-hour time span. ",,post-129304,"Binance and others overtake BitMEX as most-used Bitcoin derivatives platform As CryptoSlate has detailed extensively over the past few weeks, the dynamic of the crypto market has dramatically changed ever since March 12’s Bitcoin flash crash, during which the market capitalization of the space lost almost 50 percent within a 24-hour time span. ",Binance and others overtake BitMEX as most-used Bitcoin derivatives platform
13,https://cryptoslate.com/keep-it-vs-leave-it-why-binance-delisting-leveraged-crypto-assets-has-users-divided/,Joseph Young,,,1.0,2020-04-05 01:52:26.197352,[Timestamp('2020-04-05 01:52:26.197352')],,cryptoslate,Binance,"Binance, the world’s largest crypto exchange, has decided to delist leverage crypto tokens from its platform. ",,post-129185,"Keep it vs. leave it: Why Binance delisting leveraged crypto assets has users divided Binance, the world’s largest crypto exchange, has decided to delist leverage crypto tokens from its platform. ",Keep it vs. leave it: Why Binance delisting leveraged crypto assets has users divided
14,https://cryptoslate.com/binance-to-raise-5-million-to-help-with-the-global-pandemic/,Ali Martinez,,,1.0,2020-04-05 01:52:26.197535,[Timestamp('2020-04-05 01:52:26.197535')],,cryptoslate,Binance,Binance announced that it is looking to raise $5 million worth of cryptocurrencies to help the most affected countries tackle the ongoing global pandemic. ,,post-128941,Binance to raise $5 million to help with the global pandemic Binance announced that it is looking to raise $5 million worth of cryptocurrencies to help the most affected countries tackle the ongoing global pandemic. ,Binance to raise $5 million to help with the global pandemic
15,https://cryptoslate.com/why-this-cryptocurrency-just-surged-16-on-news-of-a-key-binance-partnership/,Joseph Young,,,1.0,2020-04-05 01:52:26.197723,[Timestamp('2020-04-05 01:52:26.197723')],,cryptoslate,Binance,"Basic Attention Token (BAT), the native cryptocurrency of the Brave Browser, spiked by more than 16 percent following a Binance trading widget integration. ",,post-128919,"Why this cryptocurrency just surged 16% on news of a key Binance partnership Basic Attention Token (BAT), the native cryptocurrency of the Brave Browser, spiked by more than 16 percent following a Binance trading widget integration. ",Why this cryptocurrency just surged 16% on news of a key Binance partnership
16,https://cryptoslate.com/planning-for-the-worst-binance-donates-to-fight-coronavirus-coinbase-reveals-plan-for-remote-work/,Christina Comben,,,1.0,2020-03-06 01:52:26.939245,[Timestamp('2020-03-06 01:52:26.939245')],,cryptoslate,Binance,The approach that cryptocurrency exchanges Binance and Coinbase are taking to the coronavirus is as different as night and day. ,,post-126642,"Planning for the worst: Binance donates to fight Coronavirus, Coinbase reveals plan for remote work The approach that cryptocurrency exchanges Binance and Coinbase are taking to the coronavirus is as different as night and day. ","Planning for the worst: Binance donates to fight Coronavirus, Coinbase reveals plan for remote work"
17,https://cryptoslate.com/tradesatoshi-shuts-down-binance-ceo/,Christina Comben,,,1.0,2020-03-06 01:52:26.939464,[Timestamp('2020-03-06 01:52:26.939464')],,cryptoslate,Binance,"With hundreds of cryptocurrency exchanges to choose from, you’d be forgiven for not having heard of TradeSatoshi. ",,post-126081,"As TradeSatoshi shuts down, Binance CEO admits running an exchange is hard With hundreds of cryptocurrency exchanges to choose from, you’d be forgiven for not having heard of TradeSatoshi. ","As TradeSatoshi shuts down, Binance CEO admits running an exchange is hard"
18,https://cryptoslate.com/ceo-changpeng-zhao-cz-binance-cloud/,Christina Comben,,,1.0,2020-02-05 01:52:26.939653,[Timestamp('2020-02-05 01:52:26.939653')],,cryptoslate,Binance,"Ever since Binance appeared on the scene in 2017, its growth has been nothing short of astonishing. ",,post-125738,"Binance CEO Changpeng Zhao shows why it’s good to have your head in the Cloud Ever since Binance appeared on the scene in 2017, its growth has been nothing short of astonishing. ",Binance CEO Changpeng Zhao shows why it’s good to have your head in the Cloud
19,https://cryptoslate.com/basic-attention-token-jumps-11-as-binance-futures-launches-bat-perpetual-contracts/,Ali Martinez,,,1.0,2020-02-05 01:52:26.940015,[Timestamp('2020-02-05 01:52:26.940015')],,cryptoslate,Binance,Binance announced the introduction of a new Basic Attention Token derivative product. ,,post-125337,Basic Attention Token jumps 11% as Binance Futures launches BAT perpetual contracts Binance announced the introduction of a new Basic Attention Token derivative product. ,Basic Attention Token jumps 11% as Binance Futures launches BAT perpetual contracts
20,https://cryptoslate.com/litecoin-debuts-on-binance-futures-as-ltc-turns-bullish/,Ali Martinez,,,1.0,2020-01-06 01:52:27.698749,[Timestamp('2020-01-06 01:52:27.698749')],,cryptoslate,Binance,Binance recently disclosed the introduction of a new Litecoin derivative product. ,,post-122522,Litecoin debuts on Binance Futures as LTC turns bullish Binance recently disclosed the introduction of a new Litecoin derivative product. ,Litecoin debuts on Binance Futures as LTC turns bullish
0,https://cryptoslate.com/bitfinex-traders-are-longing-tezos-xtz-in-record-numbers-as-price-flirts-with-4/,Nick Chong,,,1.0,2020-08-03 01:52:34.932809,[Timestamp('2020-08-03 01:52:34.932809')],,cryptoslate,Bitfinex,"Ever factoring in the 12 percent correction Tezos has seen in the past day, the cryptocurrency is one of the top-performing in the past week. ",,post-141723,"Bitfinex traders are longing Tezos (XTZ) in record numbers as price flirts with $4 Ever factoring in the 12 percent correction Tezos has seen in the past day, the cryptocurrency is one of the top-performing in the past week. ",Bitfinex traders are longing Tezos (XTZ) in record numbers as price flirts with $4
1,https://cryptoslate.com/bitfinex-will-begin-listing-cardanos-ada-on-its-spot-exchange/,Priyeshu Garg,,,1.0,2020-08-03 01:52:34.933033,[Timestamp('2020-08-03 01:52:34.933033')],,cryptoslate,Bitfinex,Cryptocurrency exchange Bitfinex will begin listing ADA on its spot exchange. ,,post-141210,Bitfinex will begin listing Cardano’s ADA on its spot exchange Cryptocurrency exchange Bitfinex will begin listing ADA on its spot exchange. ,Bitfinex will begin listing Cardano’s ADA on its spot exchange
2,https://cryptoslate.com/ethereum-long-positions-on-bitfinex-soar-to-510m-as-uptrend-builds-momentum/,Cole Petersen,,,1.0,2020-08-03 01:52:34.933225,[Timestamp('2020-08-03 01:52:34.933225')],,cryptoslate,Bitfinex,"Ethereum’s price has been caught within the throes of an intense uptrend throughout the past few days, surging from its recent low of $230 to a high of $285 that was set earlier today. ",,post-140112,"Ethereum long positions on Bitfinex soar to $510M as uptrend builds momentum Ethereum’s price has been caught within the throes of an intense uptrend throughout the past few days, surging from its recent low of $230 to a high of $285 that was set earlier today. ",Ethereum long positions on Bitfinex soar to $510M as uptrend builds momentum
3,https://cryptoslate.com/bitfinex-whales-are-flipping-short-on-bitcoin-as-institutions-grow-more-active-than-ever/,Cole Petersen,,,1.0,2020-05-05 01:52:34.933599,[Timestamp('2020-05-05 01:52:34.933599')],,cryptoslate,Bitfinex,"Bitcoin’s intense rebound from its mid-March lows of $3,800 has reignited institutional trader’s interest in the market, as seen by BTC’s CME futures open interest setting fresh all-time highs earlier today. ",,post-132539,"Bitfinex whales are flipping short on Bitcoin as institutions grow more active than ever Bitcoin’s intense rebound from its mid-March lows of $3,800 has reignited institutional trader’s interest in the market, as seen by BTC’s CME futures open interest setting fresh all-time highs earlier today. ",Bitfinex whales are flipping short on Bitcoin as institutions grow more active than ever
4,https://cryptoslate.com/bitfinexs-new-social-network-targets-traders-and-crypto-enthusiasts-alike/,Ali Martinez,,,1.0,2020-05-05 01:52:34.933787,[Timestamp('2020-05-05 01:52:34.933787')],,cryptoslate,Bitfinex,Hong Kong-based cryptocurrency exchange Bitfinex announced the introduction a new platform that enables its users to interact with each other. ,,post-131720,Bitfinex’s new social network targets traders and crypto enthusiasts alike Hong Kong-based cryptocurrency exchange Bitfinex announced the introduction a new platform that enables its users to interact with each other. ,Bitfinex’s new social network targets traders and crypto enthusiasts alike
5,https://cryptoslate.com/data-showing-coinbase-kraken-bitfinex-trading-volumes-surging-in-2020/,Priyeshu Garg,,,1.0,2020-02-05 01:52:35.960872,[Timestamp('2020-02-05 01:52:35.960872')],,cryptoslate,Bitfinex,"The market seems to be coming to life after almost a year of crypto winter, as volumes on most major exchanges have seen significant increases in the past month. ",,post-124448,"Data shows Coinbase, Kraken, Bitfinex trading volumes surging in 2020 The market seems to be coming to life after almost a year of crypto winter, as volumes on most major exchanges have seen significant increases in the past month. ","Data shows Coinbase, Kraken, Bitfinex trading volumes surging in 2020"
6,https://cryptoslate.com/key-data-shows-bitcoin-uptrend-is-at-risk-as-bitfinex-longs-suddenly-plunge/,Jonnie Emsley,,,1.0,2020-01-06 01:52:35.961116,[Timestamp('2020-01-06 01:52:35.961116')],,cryptoslate,Bitfinex,"Bitcoin has rocketed to a 30-day high after posting one of its largest intraday rallies in weeks, but closer inspection suggests the sudden breakout may not mark the start of an uptrend. ",,post-122376,"Key data shows Bitcoin uptrend is at risk as Bitfinex longs suddenly plunge Bitcoin has rocketed to a 30-day high after posting one of its largest intraday rallies in weeks, but closer inspection suggests the sudden breakout may not mark the start of an uptrend. ",Key data shows Bitcoin uptrend is at risk as Bitfinex longs suddenly plunge
7,https://cryptoslate.com/is-this-the-beginning-of-the-hex-exit-800-eth-withdrawn-and-sent-to-bitfinex/,Priyeshu Garg,,,1.0,2020-01-06 01:52:35.961308,[Timestamp('2020-01-06 01:52:35.961308')],,cryptoslate,Bitfinex,"Around 800 ETH has been withdrawn from an address associated with the HEX cryptocurrency, leading many to suspect it was the beginning of an exit scam. ",,post-121931,"Is this the beginning of the HEX exit? 800 ETH withdrawn and sent to Bitfinex Around 800 ETH has been withdrawn from an address associated with the HEX cryptocurrency, leading many to suspect it was the beginning of an exit scam. ",Is this the beginning of the HEX exit? 800 ETH withdrawn and sent to Bitfinex
0,https://cryptoslate.com/akons-social-ecosystem-cryptocurrency-akoin-will-begin-trading-on-bittrex-on-november-11/,Shaurya Malwa,,,1.0,2020-10-25 01:52:53.125183,[Timestamp('2020-10-25 01:52:53.125183')],,cryptoslate,Bittrex,"Akoin, the cryptocurrency developed by renowned popstar Akon to improve social opportunities and access for African entrepreneurs, has announced its premier listing on crypto exchange Bittrex, as per a release shared with CryptoSlate. ",,post-174511,"Akon’s social ecosystem cryptocurrency ‘Akoin’ will begin trading on Bittrex on November 11 Akoin, the cryptocurrency developed by renowned popstar Akon to improve social opportunities and access for African entrepreneurs, has announced its premier listing on crypto exchange Bittrex, as per a release shared with CryptoSlate. ",Akon’s social ecosystem cryptocurrency ‘Akoin’ will begin trading on Bittrex on November 11
0,https://cryptoslate.com/coinbase-ceo-blasts-apples-restrictive-policies-towards-crypto-and-defi/,Shaurya Malwa,,,1.0,2020-09-02 01:53:15.755216,[Timestamp('2020-09-02 01:53:15.755216')],,cryptoslate,Coinbase,"Apple, the Californian producer of software and consumer electronics, has been no fan of cryptocurrency ever since the sector gained steam back in 2012. ",,post-171938,"Coinbase CEO blasts Apple’s “restrictive” policies towards crypto and DeFi Apple, the Californian producer of software and consumer electronics, has been no fan of cryptocurrency ever since the sector gained steam back in 2012. ",Coinbase CEO blasts Apple’s “restrictive” policies towards crypto and DeFi
1,https://cryptoslate.com/uniswap-eclipses-coinbase-and-other-centralized-exchanges-as-defi-mania-continues/,Nick Chong,,,1.0,2020-09-02 01:53:15.755407,[Timestamp('2020-09-02 01:53:15.755407')],,cryptoslate,Coinbase,Few used decentralized exchanges in 2017 and 2018. ,,post-171252,Uniswap eclipses Coinbase and other centralized exchanges as DeFi mania continues Few used decentralized exchanges in 2017 and 2018. ,Uniswap eclipses Coinbase and other centralized exchanges as DeFi mania continues
2,https://cryptoslate.com/coinbase-ceo-says-apple-is-too-restrictive-towards-cryptocurrencies/,Shaurya Malwa,,,1.0,2020-09-02 01:53:15.755595,[Timestamp('2020-09-02 01:53:15.755595')],,cryptoslate,Coinbase,"Coinbase CEO Brian Armstrong said tech giant Apple has “restrictive” policies towards the cryptocurrency sector, as per a tweet this weekend. ",,post-169101,"Coinbase CEO says Apple is too “restrictive” towards cryptocurrencies Coinbase CEO Brian Armstrong said tech giant Apple has “restrictive” policies towards the cryptocurrency sector, as per a tweet this weekend. ",Coinbase CEO says Apple is too “restrictive” towards cryptocurrencies
3,https://cryptoslate.com/coinbase-to-allow-americans-to-take-cash-loans-with-bitcoin-collateral/,Shaurya Malwa,,,1.0,2020-08-03 01:53:15.755781,[Timestamp('2020-08-03 01:53:15.755781')],,cryptoslate,Coinbase,"US crypto exchange Coinbase is going all out with its crypto offerings ahead of a purported bull run, listing DeFi projects, in-demand altcoins, and now a product for loans using one’s Bitcoin. ",,post-141884,"Coinbase to allow Americans to take cash loans with Bitcoin collateral US crypto exchange Coinbase is going all out with its crypto offerings ahead of a purported bull run, listing DeFi projects, in-demand altcoins, and now a product for loans using one’s Bitcoin. ",Coinbase to allow Americans to take cash loans with Bitcoin collateral
4,https://cryptoslate.com/chainlink-link-trading-volume-briefly-surpassed-bitcoin-on-coinbase/,Shaurya Malwa,,,1.0,2020-08-03 01:53:15.755968,[Timestamp('2020-08-03 01:53:15.755968')],,cryptoslate,Coinbase,"Chainlink was the most traded cryptocurrency on Coinbase Pro on August 9, according to data by on-chain firm Messari. ",,post-141521,"Chainlink (LINK) trading volume briefly surpassed Bitcoin on Coinbase Chainlink was the most traded cryptocurrency on Coinbase Pro on August 9, according to data by on-chain firm Messari. ",Chainlink (LINK) trading volume briefly surpassed Bitcoin on Coinbase
5,https://cryptoslate.com/coinbase-pushes-defi-narrative-by-considering-listing-balancer-curve-and-ampl/,Priyeshu Garg,,,1.0,2020-08-03 01:53:16.888658,[Timestamp('2020-08-03 01:53:16.888658')],,cryptoslate,Coinbase,Coinbase has become the latest company to join in on the DeFi craze by announcing potential listing 19 new digital assets on its platform. ,,post-140676,"Coinbase pushes DeFi narrative by considering listing Balancer, Curve, and AMPL Coinbase has become the latest company to join in on the DeFi craze by announcing potential listing 19 new digital assets on its platform. ","Coinbase pushes DeFi narrative by considering listing Balancer, Curve, and AMPL"
6,https://cryptoslate.com/coinbase-is-working-closely-with-visa-for-bitcoin-crypto-adoption/,Shaurya Malwa,,,1.0,2020-08-03 01:53:16.888881,[Timestamp('2020-08-03 01:53:16.888881')],,cryptoslate,Coinbase,One of America’s biggest crypto-exchange said Friday it was working “closely” with a global payments process on seamless digital asset transfers and adoption. ,,post-140095,"Coinbase is “working closely” with VISA for Bitcoin, crypto adoption One of America’s biggest crypto-exchange said Friday it was working “closely” with a global payments process on seamless digital asset transfers and adoption. ","Coinbase is “working closely” with VISA for Bitcoin, crypto adoption"
7,https://cryptoslate.com/as-hong-kong-banks-censor-millionaires-for-pro-democracy-ties-coinbase-ceo-calls-for-open-finance/,Shaurya Malwa,,,1.0,2020-08-03 01:53:16.889074,[Timestamp('2020-08-03 01:53:16.889074')],,cryptoslate,Coinbase,Accredited investors in Hong Kong are facing scrutiny from wealth managers and banks globally — the latter searching for investor ties to a pro-democracy narrative. ,,post-139800,"As Hong Kong banks censor millionaires for pro-democracy ties, Coinbase CEO calls for open finance Accredited investors in Hong Kong are facing scrutiny from wealth managers and banks globally — the latter searching for investor ties to a pro-democracy narrative. ","As Hong Kong banks censor millionaires for pro-democracy ties, Coinbase CEO calls for open finance"
8,https://cryptoslate.com/coinbase-ceo-explains-why-they-sell-blockchain-analytics-software-to-the-u-s-secret-service/,Shaurya Malwa,,,1.0,2020-07-04 01:53:16.889265,[Timestamp('2020-07-04 01:53:16.889265')],,cryptoslate,Coinbase,Coinbase was in the crosshairs over the weekend after SEC filings revealed the business licensed transactional information software to regulators. ,,post-139180,Coinbase CEO explains why they sell blockchain analytics software to the U.S. secret service Coinbase was in the crosshairs over the weekend after SEC filings revealed the business licensed transactional information software to regulators. ,Coinbase CEO explains why they sell blockchain analytics software to the U.S. secret service
9,https://cryptoslate.com/cardano-parent-signs-a-custody-agreement-with-coinbase-to-allow-ada-staking/,Priyeshu Garg,,,1.0,2020-07-04 01:53:16.889455,[Timestamp('2020-07-04 01:53:16.889455')],,cryptoslate,Coinbase,"IOHK, the company behind the Cardano blockchain, has announced that it had signed an agreement with Coinbase Custody. ",,post-138256,"Cardano parent signs a custody agreement with Coinbase to allow ADA staking IOHK, the company behind the Cardano blockchain, has announced that it had signed an agreement with Coinbase Custody. ",Cardano parent signs a custody agreement with Coinbase to allow ADA staking
10,https://cryptoslate.com/crypto-exchange-coinbase-moves-to-make-defi-safer-on-heels-of-multi-million-dollar-hack/,Cole Petersen,,,1.0,2020-05-05 01:53:17.974094,[Timestamp('2020-05-05 01:53:17.974094')],,cryptoslate,Coinbase,"Throughout 2019 and the first part of 2020, the growth of the decentralized finance (DeFi) ecosystem captured investors’ attention, leading to a significant influx of investors into Ethereum while also giving rise to the fast-growing stablecoin sector. ",,post-131459,"Crypto exchange Coinbase moves to make DeFi safer on heels of multi-million dollar hack Throughout 2019 and the first part of 2020, the growth of the decentralized finance (DeFi) ecosystem captured investors’ attention, leading to a significant influx of investors into Ethereum while also giving rise to the fast-growing stablecoin sector. ",Crypto exchange Coinbase moves to make DeFi safer on heels of multi-million dollar hack
11,https://cryptoslate.com/crypto-payments-gaining-momentum-coinbase-commerce-garners-massive-utilization-from-consumers-and-merchants/,Cole Petersen,,,1.0,2020-04-05 01:53:17.974273,[Timestamp('2020-04-05 01:53:17.974273')],,cryptoslate,Coinbase,Bitcoin’s relative youth has made it increasingly unclear as to what role it will eventually play within the world. ,,post-129241,Crypto payments gaining momentum: Coinbase Commerce garners massive utilization from consumers and merchants Bitcoin’s relative youth has made it increasingly unclear as to what role it will eventually play within the world. ,Crypto payments gaining momentum: Coinbase Commerce garners massive utilization from consumers and merchants
12,https://cryptoslate.com/planning-for-the-worst-binance-donates-to-fight-coronavirus-coinbase-reveals-plan-for-remote-work/,Christina Comben,,,1.0,2020-03-06 01:53:17.974448,[Timestamp('2020-03-06 01:53:17.974448')],,cryptoslate,Coinbase,The approach that cryptocurrency exchanges Binance and Coinbase are taking to the coronavirus is as different as night and day. ,,post-126642,"Planning for the worst: Binance donates to fight Coronavirus, Coinbase reveals plan for remote work The approach that cryptocurrency exchanges Binance and Coinbase are taking to the coronavirus is as different as night and day. ","Planning for the worst: Binance donates to fight Coronavirus, Coinbase reveals plan for remote work"
0,https://cryptoslate.com/defi-project-teller-finance-announces-compound-integration-and-launch-of-tlr-token/,Shaurya Malwa,,,1.0,2020-10-02 01:53:34.909015,[Timestamp('2020-10-02 01:53:34.909015')],,cryptoslate,Compound,"Teller Finance, a DeFi project for decentralized unsecured lending, today announced the launch of its governance token (TLR), a liquidity program, and an integration with lending protocol Compound, as per a release shared with CryptoSlate. ",,post-172162,"DeFi project Teller Finance announces Compound integration and launch of TLR token Teller Finance, a DeFi project for decentralized unsecured lending, today announced the launch of its governance token (TLR), a liquidity program, and an integration with lending protocol Compound, as per a release shared with CryptoSlate. ",DeFi project Teller Finance announces Compound integration and launch of TLR token
1,https://cryptoslate.com/declining-compound-yields-may-be-fueling-comps-intense-downtrend/,Cole Petersen,,,1.0,2020-07-04 01:53:34.909237,[Timestamp('2020-07-04 01:53:34.909237')],,cryptoslate,Compound,Popular DeFi protocol Compound (COMP) has been seeing a massive influx of new users since its launch late last month. ,,post-139470,Declining Compound yields may be fueling COMP’s intense downtrend Popular DeFi protocol Compound (COMP) has been seeing a massive influx of new users since its launch late last month. ,Declining Compound yields may be fueling COMP’s intense downtrend
2,https://cryptoslate.com/wrapped-bitcoin-will-now-have-a-40-collateral-factor-on-compound/,Shaurya Malwa,,,1.0,2020-07-04 01:53:34.909426,[Timestamp('2020-07-04 01:53:34.909426')],,cryptoslate,Compound,A proposal by Alameda Research last week to increase the collateral for Wrapped Bitcoin (WBTC) to 40 percent was passed today after a governance poll on Compound Labs. ,,post-139117,Wrapped Bitcoin will now have a 40% collateral factor on Compound A proposal by Alameda Research last week to increase the collateral for Wrapped Bitcoin (WBTC) to 40 percent was passed today after a governance poll on Compound Labs. ,Wrapped Bitcoin will now have a 40% collateral factor on Compound
3,https://cryptoslate.com/founder-of-compound-votes-against-using-wrapped-bitcoin-as-collateral-deems-wbtc-risky/,Priyeshu Garg,,,1.0,2020-07-04 01:53:34.909614,[Timestamp('2020-07-04 01:53:34.909614')],,cryptoslate,Compound,"Robert Leshner, the founder of Compound, has voted against the latest proposal to increase the WBTC collateral factor on the platform from 0 to 65 percent. ",,post-138626,"Founder of Compound votes against using wrapped Bitcoin as collateral, deems WBTC “risky” Robert Leshner, the founder of Compound, has voted against the latest proposal to increase the WBTC collateral factor on the platform from 0 to 65 percent. ","Founder of Compound votes against using wrapped Bitcoin as collateral, deems WBTC “risky”"
4,https://cryptoslate.com/defis-compound-comp-has-crashed-50-in-two-weeks-and-it-may-drop-further/,Nick Chong,,,1.0,2020-07-04 01:53:34.909800,[Timestamp('2020-07-04 01:53:34.909800')],,cryptoslate,Compound,"When Ethereum-based finance protocol Compound launched its native token COMP in June, it traded at $30. ",,post-138375,"DeFi’s Compound (COMP) has crashed 50% in two weeks—and it may drop further When Ethereum-based finance protocol Compound launched its native token COMP in June, it traded at $30. ",DeFi’s Compound (COMP) has crashed 50% in two weeks—and it may drop further
5,https://cryptoslate.com/latest-compound-proposal-aims-to-resolve-issue-soaking-up-80-of-bats-liquid-supply/,Priyeshu Garg,,,1.0,2020-07-04 01:53:35.970603,[Timestamp('2020-07-04 01:53:35.970603')],,cryptoslate,Compound,"A previous Compound proposal for COMP yield farming caused a mess in the DeFi market, pushing users to yield farm only in the markets with the highest interest rates. ",,post-138010,"Latest Compound proposal aims to resolve issue soaking up 80% of BAT’s liquid supply A previous Compound proposal for COMP yield farming caused a mess in the DeFi market, pushing users to yield farm only in the markets with the highest interest rates. ",Latest Compound proposal aims to resolve issue soaking up 80% of BAT’s liquid supply
6,https://cryptoslate.com/compound-comp-sees-massive-surge-in-on-chain-activity-despite-23-price-slide/,Cole Petersen,,,1.0,2020-07-04 01:53:35.971014,[Timestamp('2020-07-04 01:53:35.971014')],,cryptoslate,Compound,"The recent growth of the DeFi sector has primarily been driven by the recent launch of Compound, which has seen massive inflows of capital and new users due to the bourgeoning “yield farming” trend. ",,post-137485,"Compound (COMP) sees massive surge in on-chain activity despite 23% price slide The recent growth of the DeFi sector has primarily been driven by the recent launch of Compound, which has seen massive inflows of capital and new users due to the bourgeoning “yield farming” trend. ",Compound (COMP) sees massive surge in on-chain activity despite 23% price slide
0,https://cryptoslate.com/crypto-com-launches-cro-centric-defi-swap-as-competition-builds-up/,Shaurya Malwa,,,1.0,2020-09-02 01:53:54.010474,[Timestamp('2020-09-02 01:53:54.010474')],,cryptoslate,Crypto.com,"Hong Kong-based crypto exchange and wallet provider Crypto dot com announced its new DeFi Swap service for all users, as per an announcement today. ",,post-171803,"Crypto.com launches CRO-centric DeFi Swap as competition builds up Hong Kong-based crypto exchange and wallet provider Crypto dot com announced its new DeFi Swap service for all users, as per an announcement today. ",Crypto.com launches CRO-centric DeFi Swap as competition builds up
1,https://cryptoslate.com/crypto-com-launches-trading-competition-with-a-200000-prize-pool/,Priyeshu Garg,,,1.0,2020-09-02 01:53:54.010670,[Timestamp('2020-09-02 01:53:54.010670')],,cryptoslate,Crypto.com,"Cryptocurrency exchange and payments platform Crypto dot com has launched a competition where the users with the highest taker transaction volumes will get a chance to win up to $10,000 worth of CRO tokens. ",,post-171294,"Crypto.com launches trading competition with a $200,000 prize pool Cryptocurrency exchange and payments platform Crypto dot com has launched a competition where the users with the highest taker transaction volumes will get a chance to win up to $10,000 worth of CRO tokens. ","Crypto.com launches trading competition with a $200,000 prize pool"
2,https://cryptoslate.com/crypto-com-will-sell-bitcoin-at-50-off-in-september-heres-why/,Shaurya Malwa,,,1.0,2020-08-03 01:53:54.010862,[Timestamp('2020-08-03 01:53:54.010862')],,cryptoslate,Crypto.com,"Hong Kong-based crypto exchange and card provider Crypto dot com is launching an attractive competition for Bitcoin fanatics in September, ahead of its “public beta” exit. ",,post-141992,"Crypto.com will sell Bitcoin at “50% off” in September, here’s why Hong Kong-based crypto exchange and card provider Crypto dot com is launching an attractive competition for Bitcoin fanatics in September, ahead of its “public beta” exit. ","Crypto.com will sell Bitcoin at “50% off” in September, here’s why"
3,https://cryptoslate.com/binance-gets-the-third-ever-crypto-emoji-on-twitter-following-crypto-com-and-bitcoin/,Priyeshu Garg,,,1.0,2020-07-04 01:53:54.011239,[Timestamp('2020-07-04 01:53:54.011239')],,cryptoslate,Crypto.com,"Binance, one of the largest crypto exchanges in the world, has officially received the third ever branded Twitter emoji in the industry, after Bitcoin and Crypto dot com. ",,post-138087,"Binance gets the third-ever crypto emoji on Twitter, following Crypto.com and Bitcoin Binance, one of the largest crypto exchanges in the world, has officially received the third ever branded Twitter emoji in the industry, after Bitcoin and Crypto dot com. ","Binance gets the third-ever crypto emoji on Twitter, following Crypto.com and Bitcoin"
4,https://cryptoslate.com/crypto-com-will-run-discounted-sale-of-cardano-ada-at-50-percent-off/,News Desk,,,1.0,2020-06-04 01:53:55.184440,[Timestamp('2020-06-04 01:53:55.184440')],,cryptoslate,Crypto.com,Cryptocurrency payment platform Crypto dot com announced the listing of Cardano (ADA) on The Syndicate platform. ,,post-134705,Crypto.com will run discounted sale of Cardano (ADA) at 50 percent off Cryptocurrency payment platform Crypto dot com announced the listing of Cardano (ADA) on The Syndicate platform. ,Crypto.com will run discounted sale of Cardano (ADA) at 50 percent off
5,https://cryptoslate.com/crypto-com-announces-a-halving-special-with-bitcoin-50-off-but-supply-is-limited/,Priyeshu Garg,,,1.0,2020-05-05 01:53:55.184683,[Timestamp('2020-05-05 01:53:55.184683')],,cryptoslate,Crypto.com,"Cryptocurrency payment platform Crypto dot com announced the launch of a special Bitcoin halving offer set to take place on 06:00 UTC, May 12. ",,post-132105,"Crypto.com announces a “Halving Special” with Bitcoin 50% off, but supply is limited Cryptocurrency payment platform Crypto dot com announced the launch of a special Bitcoin halving offer set to take place on 06:00 UTC, May 12. ","Crypto.com announces a “Halving Special” with Bitcoin 50% off, but supply is limited"
6,https://cryptoslate.com/crypto-com-survey-finds-54-of-people-would-trust-a-government-issued-digital-currency/,Priyeshu Garg,,,1.0,2020-04-05 01:53:55.184938,[Timestamp('2020-04-05 01:53:55.184938')],,cryptoslate,Crypto.com,"A survey jointly conducted by Crypto dot com and The Economist examined the general population’s opinion of cryptocurrencies, finding that 24 percent of respondents believed the main use for cryptocurrencies was “short-term investment.” However, over half of the respondents said they would trust a digital currency issued by their country’s central bank. ",,post-130706,"Crypto.com survey finds 54% of people would trust a government-issued digital currency A survey jointly conducted by Crypto dot com and The Economist examined the general population’s opinion of cryptocurrencies, finding that 24 percent of respondents believed the main use for cryptocurrencies was “short-term investment.” However, over half of the respondents said they would trust a digital currency issued by their country’s central bank. ",Crypto.com survey finds 54% of people would trust a government-issued digital currency
7,https://cryptoslate.com/amidst-covid-19-crypto-com-waives-off-credit-card-fees/,Priyeshu Garg,,,1.0,2020-04-05 01:53:55.185146,[Timestamp('2020-04-05 01:53:55.185146')],,cryptoslate,Crypto.com,Digital payment provider Crypto dot com will be waiving the 3.5 percent credit card fee for crypto purchases until June. ,,post-129637,"Amidst COVID-19, Crypto.com is waiving credit card fees for crypto purchases Digital payment provider Crypto dot com will be waiving the 3.5 percent credit card fee for crypto purchases until June. ","Amidst COVID-19, Crypto.com is waiving credit card fees for crypto purchases"
8,https://cryptoslate.com/crypto-com-enables-invoice-creation-in-btc-eth-xrp-ltc-and-eth/,Priyeshu Garg,,,1.0,2020-04-05 01:53:55.185337,[Timestamp('2020-04-05 01:53:55.185337')],,cryptoslate,Crypto.com,Cryptocurrency payment platform Crypto dot com announced the launch of a new invoicing feature. ,,post-128787,"Crypto.com enables invoice creation in BTC, ETH, XRP and LTC Cryptocurrency payment platform Crypto dot com announced the launch of a new invoicing feature. ","Crypto.com enables invoice creation in BTC, ETH, XRP and LTC"
9,https://cryptoslate.com/as-the-world-turns-to-online-shopping-crypto-com-offers-rewards-on-gift-card-purchases-for-whole-foods-walmart-amazon-and-more/,Priyeshu Garg,,,1.0,2020-03-06 01:53:55.185523,[Timestamp('2020-03-06 01:53:55.185523')],,cryptoslate,Crypto.com,Digital payment provider Crypto dot com has introduced rewards on purchases using its gift cards. ,,post-128139,"As the world turns to online shopping, Crypto.com offers rewards on gift card purchases for Whole Foods, Walmart, Amazon and more Digital payment provider Crypto dot com has introduced rewards on purchases using its gift cards. ","As the world turns to online shopping, Crypto.com offers rewards on gift card purchases for Whole Foods, Walmart, Amazon and more"
0,https://cryptoslate.com/the-dapp-market-is-getting-so-big-its-putting-google-and-apple-at-risk/,Priyeshu Garg,,,1.0,2020-01-06 01:54:10.585297,[Timestamp('2020-01-06 01:54:10.585297')],,cryptoslate,DApp,"After the DApp browser MetaMask got removed from the Google Play Store, Apple followed suit and is forcing crypto exchange Coinbase to remove the DApp browser feature from its iOS app. ",,post-122017,"The DApp market is getting so big, it’s making Google and Apple worry After the DApp browser MetaMask got removed from the Google Play Store, Apple followed suit and is forcing crypto exchange Coinbase to remove the DApp browser feature from its iOS app. ","The DApp market is getting so big, it’s making Google and Apple worry"
0,https://cryptoslate.com/leading-ethereum-dex-curve-begins-dabbling-in-layer-two-solutions/,Nick Chong,,,1.0,2020-10-11 01:54:19.453160,[Timestamp('2020-10-11 01:54:19.453160')],,cryptoslate,DEX,"Ethereum transaction fees have dropped dramatically since the summer highs when gas cost upwards of 1,000 Gwei. ",,post-173892,"Leading Ethereum dex Curve begins dabbling in layer-two solutions Ethereum transaction fees have dropped dramatically since the summer highs when gas cost upwards of 1,000 Gwei. ",Leading Ethereum dex Curve begins dabbling in layer-two solutions
1,https://cryptoslate.com/this-tezos-dex-is-bringing-defi-to-xtz-holders/,Shaurya Malwa,,,1.0,2020-10-04 01:54:19.453568,[Timestamp('2020-10-04 01:54:19.453568')],,cryptoslate,DEX,A new decentralized exchange (DEX) built on blockchain protocol Tezos promises lower fees and ultra-fast transactions for all upcoming tokens built on the blockchain. ,,post-173447,This Tezos DEX is bringing DeFi to XTZ holders A new decentralized exchange (DEX) built on blockchain protocol Tezos promises lower fees and ultra-fast transactions for all upcoming tokens built on the blockchain. ,This Tezos DEX is bringing DeFi to XTZ holders
2,https://cryptoslate.com/looping-becomes-the-first-dex-to-integrate-band-protocols-cross-chain-oracles/,Priyeshu Garg,,,1.0,2020-09-02 01:54:19.453768,[Timestamp('2020-09-02 01:54:19.453768')],,cryptoslate,DEX,Crypto company Looping has become the first payment protocol and decentralized exchange to integrate Band Protocol’s cross-chain data oracle. ,,post-171247,Looping becomes the first DEX to integrate Band Protocol’s cross-chain oracles Crypto company Looping has become the first payment protocol and decentralized exchange to integrate Band Protocol’s cross-chain data oracle. ,Looping becomes the first DEX to integrate Band Protocol’s cross-chain oracles
0,https://cryptoslate.com/temporal-and-ens-now-make-launching-a-decentralized-website-easier-than-ever/,Priyeshu Garg,,,1.0,2020-02-05 01:54:44.028676,[Timestamp('2020-02-05 01:54:44.028676')],,cryptoslate,ENS,Temporal has partnered with the Ethereum Name Service (ENS) to integrate its Web 3 infrastructure and IPFS APIs into the ENS Manager app. ,,post-125094,Temporal and ENS now make launching a decentralized website easier than ever Temporal has partnered with the Ethereum Name Service (ENS) to integrate its Web 3 infrastructure and IPFS APIs into the ENS Manager app. ,Temporal and ENS now make launching a decentralized website easier than ever
0,https://cryptoslate.com/ethereum-foundation-releases-testnet-staking-tool-as-eth2-draws-close/,Nick Chong,,,1.0,2020-08-03 01:54:59.175152,[Timestamp('2020-08-03 01:54:59.175152')],,cryptoslate,Ethereum Foundation,"Just two weeks ago, there were uncertainties about whether or not Ethereum 2 (aka ETH 2/ETH2) was going to go live in 2020. ",,post-140400,"Ethereum Foundation releases testnet staking tool as ETH2 draws close Just two weeks ago, there were uncertainties about whether or not Ethereum 2 (aka ETH 2/ETH2) was going to go live in 2020. ",Ethereum Foundation releases testnet staking tool as ETH2 draws close
0,https://cryptoslate.com/etoro-crypto-is-still-retail-dominated-zcash-has-the-highest-sentiment-score-and-how-ftx-gained-from-blockfolio-acquisition/,Shaurya Malwa,,,1.0,2020-10-18 01:55:29.128939,[Timestamp('2020-10-18 01:55:29.128939')],,cryptoslate,FTX,"A new report jointly-published by eToro and The TIE explored the cryptocurrency landscape for Q3 2020, finding out long-term sentiment metrics for popular cryptocurrencies and how mergers and acquisitions proved to be the best indicator for future price rises. ",,post-174039,"eToro: Crypto is still “retail dominated,” Zcash has the highest “sentiment” score, and how FTX gained from Blockfolio acquisition A new report jointly-published by eToro and The TIE explored the cryptocurrency landscape for Q3 2020, finding out long-term sentiment metrics for popular cryptocurrencies and how mergers and acquisitions proved to be the best indicator for future price rises. ","eToro: Crypto is still “retail dominated,” Zcash has the highest “sentiment” score, and how FTX gained from Blockfolio acquisition"
1,https://cryptoslate.com/ftx-founder-proposes-a-plan-for-defi-project-sushiswap/,Shaurya Malwa,,,1.0,2020-09-02 01:55:29.129159,[Timestamp('2020-09-02 01:55:29.129159')],,cryptoslate,FTX,"After being handed over the admin keys for the Uniswap fork project SushiSwap this weekend, Sam Bankman-Fried, the founder of crypto exchange FTX, proposed a future plan for the project over Twitter. ",,post-171641,"FTX founder proposes a plan for DeFi project SushiSwap After being handed over the admin keys for the Uniswap fork project SushiSwap this weekend, Sam Bankman-Fried, the founder of crypto exchange FTX, proposed a future plan for the project over Twitter. ",FTX founder proposes a plan for DeFi project SushiSwap
2,https://cryptoslate.com/inside-12-hours-of-sushi-chef-sells-community-laughs-ftx-founder-gains/,Shaurya Malwa,,,1.0,2020-09-02 01:55:29.129344,[Timestamp('2020-09-02 01:55:29.129344')],,cryptoslate,FTX,Expect crypto to deliver even if you’re not searching. ,,post-171490,"Inside 12 hours of Sushi: Chef sells, community laughs, FTX founder gains Expect crypto to deliver even if you’re not searching. ","Inside 12 hours of Sushi: Chef sells, community laughs, FTX founder gains"
3,https://cryptoslate.com/onboarding-retail-investors-ftx-acquires-portfolio-tracker-blockfolio-for-150-million/,Shaurya Malwa,,,1.0,2020-09-02 01:55:29.129526,[Timestamp('2020-09-02 01:55:29.129526')],,cryptoslate,FTX,"FTX, one of the biggest and fastest-growing crypto exchanges since its launch in 2019, today announced the acquisition of Blockfolio, a crypto portfolio tracking app, for $150 million. ",,post-170550,"Onboarding retail investors: FTX acquires portfolio tracker Blockfolio for $150 million FTX, one of the biggest and fastest-growing crypto exchanges since its launch in 2019, today announced the acquisition of Blockfolio, a crypto portfolio tracking app, for $150 million. ",Onboarding retail investors: FTX acquires portfolio tracker Blockfolio for $150 million
4,https://cryptoslate.com/defi-mania-continues-as-crypto-exchange-ftx-launches-uniswap-index/,Cole Petersen,,,1.0,2020-09-02 01:55:29.129704,[Timestamp('2020-09-02 01:55:29.129704')],,cryptoslate,FTX,"The DeFi sector’s growth trajectory isn’t showing any signs of slowing down, as demand for the crypto assets relating to this sector is still quite high. ",,post-169123,"DeFi mania continues as crypto exchange FTX launches “Uniswap Index” The DeFi sector’s growth trajectory isn’t showing any signs of slowing down, as demand for the crypto assets relating to this sector is still quite high. ",DeFi mania continues as crypto exchange FTX launches “Uniswap Index”
5,https://cryptoslate.com/this-defi-token-by-ftx-went-up-1000-right-after-launching/,Priyeshu Garg,,,1.0,2020-08-03 01:55:29.129887,[Timestamp('2020-08-03 01:55:29.129887')],,cryptoslate,FTX,"SRM, the native token of the decentralized derivatives exchange Serum, saw its price increase by over 10 times right after launching. ",,post-141687,"This DeFi token by FTX went up 1000% right after launching  SRM, the native token of the decentralized derivatives exchange Serum, saw its price increase by over 10 times right after launching. ",This DeFi token by FTX went up 1000% right after launching 
0,https://cryptoslate.com/microsoft-moves-its-decentralized-i-d-system-to-bitcoin-bitpay-gemini-feature-as-collaborators/,Shaurya Malwa,,,1.0,2020-06-04 01:55:42.068358,[Timestamp('2020-06-04 01:55:42.068358')],,cryptoslate,Gemini,"Microsoft, the world’s largest software company, moved its decentralized identity (DID) project to the Bitcoin protocol on June 10, opening the system to worldwide and extensive open-source development. ",,post-136209,"Microsoft moves its decentralized I.D. system to Bitcoin; BitPay, Gemini feature as collaborators Microsoft, the world’s largest software company, moved its decentralized identity (DID) project to the Bitcoin protocol on June 10, opening the system to worldwide and extensive open-source development. ","Microsoft moves its decentralized I.D. system to Bitcoin; BitPay, Gemini feature as collaborators"
1,https://cryptoslate.com/chainlink-garners-coveted-gemini-listing-following-glowing-praise-from-winklevoss/,Cole Petersen,,,1.0,2020-05-05 01:55:42.068582,[Timestamp('2020-05-05 01:55:42.068582')],,cryptoslate,Gemini,Chainlink has gained major support from cryptocurrency investors throughout 2019 and 2020 — a trend that is reflected in its massive community growth and exponential price rise. ,,post-131512,Chainlink garners coveted Gemini listing following glowing praise from Winklevoss Chainlink has gained major support from cryptocurrency investors throughout 2019 and 2020 — a trend that is reflected in its massive community growth and exponential price rise. ,Chainlink garners coveted Gemini listing following glowing praise from Winklevoss
2,https://cryptoslate.com/heres-why-basic-attention-tokens-on-chain-metrics-are-exploding-as-gemini-prepares-listing/,Ali Martinez,,,1.0,2020-04-05 01:55:42.068773,[Timestamp('2020-04-05 01:55:42.068773')],,cryptoslate,Gemini,Gemini announced that it will be listing Basic Attention Token to its retail platform for United States cryptocurrency investors. ,,post-129957,Here’s why Basic Attention Token’s on-chain metrics are exploding as Gemini prepares listing Gemini announced that it will be listing Basic Attention Token to its retail platform for United States cryptocurrency investors. ,Here’s why Basic Attention Token’s on-chain metrics are exploding as Gemini prepares listing
0,https://cryptoslate.com/singapores-huobi-launches-chainlink-link-node-aims-to-bolster-the-defi-market/,Shaurya Malwa,,,1.0,2020-07-04 01:56:02.416701,[Timestamp('2020-07-04 01:56:02.416701')],,cryptoslate,Huobi,"Huobi, one of the world’s largest crypto exchanges by market cap, is now running a Chainlink (LINK) node on its Wallet service, the firms announced in a release Thursday. ",,post-138232,"Singapore’s Huobi launches Chainlink (LINK) node, aims to bolster the DeFi market Huobi, one of the world’s largest crypto exchanges by market cap, is now running a Chainlink (LINK) node on its Wallet service, the firms announced in a release Thursday. ","Singapore’s Huobi launches Chainlink (LINK) node, aims to bolster the DeFi market"
1,https://cryptoslate.com/chainalysis-says-binance-and-huobi-allegedly-used-for-billions-of-dollars-in-criminal-bitcoin-activity/,Omar Faridi,,,1.0,2020-01-06 01:56:02.416923,[Timestamp('2020-01-06 01:56:02.416923')],,cryptoslate,Huobi,Leading blockchain security and analytics company Chainalysis recently revealed that it tracked $2.8 billion in Bitcoin (BTC) that was allegedly transferred by criminal elements to major digital currency exchanges last year. ,,post-123183,Chainalysis says Binance and Huobi allegedly used for billions of dollars in criminal Bitcoin activity Leading blockchain security and analytics company Chainalysis recently revealed that it tracked $2.8 billion in Bitcoin (BTC) that was allegedly transferred by criminal elements to major digital currency exchanges last year. ,Chainalysis says Binance and Huobi allegedly used for billions of dollars in criminal Bitcoin activity
0,https://cryptoslate.com/kraken-ceo-bitcoin-will-eventually-surpass-golds-10-trillion-market-cap/,Nick Chong,,,1.0,2020-06-04 01:56:25.545325,[Timestamp('2020-06-04 01:56:25.545325')],,cryptoslate,Kraken,"Bitcoin may still be trading more than 50 percent below its $20,000 all-time high but that hasn’t stopped investors and executives in the space from looking ahead, guessing what comes next for the asset. ",,post-136874,"Kraken CEO: Bitcoin will eventually surpass gold’s $10 trillion market cap Bitcoin may still be trading more than 50 percent below its $20,000 all-time high but that hasn’t stopped investors and executives in the space from looking ahead, guessing what comes next for the asset. ",Kraken CEO: Bitcoin will eventually surpass gold’s $10 trillion market cap
0,https://cryptoslate.com/synthetix-founder-speaks-on-kucoin-hack-of-2-5m-in-snx-millions-in-other-defi-coins/,Nick Chong,,,1.0,2020-10-02 01:56:29.503531,[Timestamp('2020-10-02 01:56:29.503531')],,cryptoslate,KuCoin,"Late last week, KuCoin, a notable Singapore-based exchange known for its large offering of altcoins, bit the dust. ",,post-172937,"Synthetix founder speaks on Kucoin hack of $2.5m in SNX, millions in other DeFi coins Late last week, KuCoin, a notable Singapore-based exchange known for its large offering of altcoins, bit the dust. ","Synthetix founder speaks on Kucoin hack of $2.5m in SNX, millions in other DeFi coins"
0,https://cryptoslate.com/building-on-bitcoin-blockstream-is-connecting-investors-with-liquid-network-fanatics/,Shaurya Malwa,,,1.0,2020-06-04 01:56:45.274474,[Timestamp('2020-06-04 01:56:45.274474')],,cryptoslate,Liquid,Bitcoin-focused entrepreneurs have a reason to rejoice. ,,post-135624,Building on Bitcoin? Blockstream is connecting investors with Liquid Network fanatics Bitcoin-focused entrepreneurs have a reason to rejoice. ,Building on Bitcoin? Blockstream is connecting investors with Liquid Network fanatics
0,https://cryptoslate.com/maker-becomes-first-defi-platform-to-lock-over-1-billion-but-concerns-remain/,Shaurya Malwa,,,1.0,2020-08-03 01:56:53.875315,[Timestamp('2020-08-03 01:56:53.875315')],,cryptoslate,Maker,The DeFi market got its first unicorn this week; if the total value locked (TVL) in assets on a platform is considered. ,,post-140341,"Maker becomes first DeFi platform to lock over $1 billion, but concerns remain The DeFi market got its first unicorn this week; if the total value locked (TVL) in assets on a platform is considered. ","Maker becomes first DeFi platform to lock over $1 billion, but concerns remain"
0,https://cryptoslate.com/matic-testnet-just-powered-ethereum-eth-to-7200-tps-dapps-next/,Shaurya Malwa,,,1.0,2020-07-04 01:56:57.358676,[Timestamp('2020-07-04 01:56:57.358676')],,cryptoslate,Matic Network,"Results of the Matic Network released today show promise for Ethereum dApps; after the team confirmed 7,200 transactions per second (tps) in testing. ",,post-139348,"Matic testnet just powered Ethereum (ETH) to 7,200 tps; dApps next Results of the Matic Network released today show promise for Ethereum dApps; after the team confirmed 7,200 transactions per second (tps) in testing. ","Matic testnet just powered Ethereum (ETH) to 7,200 tps; dApps next"
0,https://cryptoslate.com/nexo-and-chainlink-launch-joint-collaboration-to-accelerate-crypto-adoption/,Cole Petersen,,,1.0,2020-07-04 01:57:26.335713,[Timestamp('2020-07-04 01:57:26.335713')],,cryptoslate,Nexo,Crypto lending platform Nexo and popular blockchain oracle network Chainlink are now launching a collaborative effort to help perpetuate the adoption of digital assets. ,,post-138756,Nexo and Chainlink launch joint collaboration to accelerate crypto adoption Crypto lending platform Nexo and popular blockchain oracle network Chainlink are now launching a collaborative effort to help perpetuate the adoption of digital assets. ,Nexo and Chainlink launch joint collaboration to accelerate crypto adoption
0,https://cryptoslate.com/market-data-indicates-okex-whales-are-expecting-bitcoin-to-spike-past-14k/,Nick Chong,,,1.0,2020-10-28 01:57:33.187822,[Timestamp('2020-10-28 01:57:33.187822')],,cryptoslate,Okex,Bitcoin is spiking higher once again as buyers continue to rush in. ,,post-174798,Market data indicates OKEx whales are expecting Bitcoin to spike past $14k Bitcoin is spiking higher once again as buyers continue to rush in. ,Market data indicates OKEx whales are expecting Bitcoin to spike past $14k
1,https://cryptoslate.com/data-firm-okex-saw-113m-in-bitcoin-outflows-just-before-suspending-withdraws/,Cole Petersen,,,1.0,2020-10-18 01:57:33.188046,[Timestamp('2020-10-18 01:57:33.188046')],,cryptoslate,Okex,The crypto industry was struck with another unexpected development last night that sent shockwaves throughout the market and caused Bitcoin’s price to reel lower. ,,post-174244,Data firm: OKEx saw $113m in Bitcoin outflows just before suspending withdraws The crypto industry was struck with another unexpected development last night that sent shockwaves throughout the market and caused Bitcoin’s price to reel lower. ,Data firm: OKEx saw $113m in Bitcoin outflows just before suspending withdraws
2,https://cryptoslate.com/uni-jumps-15-after-okex-suspends-withdrawals-due-to-police-investigation/,Priyeshu Garg,,,1.0,2020-10-18 01:57:33.188237,[Timestamp('2020-10-18 01:57:33.188237')],,cryptoslate,Okex,"Cryptocurrency exchange OKEx has suspended withdrawals from its platform indefinitely, as one of its multisig key holders has been held in police custody. ",,post-174178,"UNI jumps 15% after OKEx suspends withdrawals due to police investigation Cryptocurrency exchange OKEx has suspended withdrawals from its platform indefinitely, as one of its multisig key holders has been held in police custody. ",UNI jumps 15% after OKEx suspends withdrawals due to police investigation
3,https://cryptoslate.com/binance-bitfinex-okex-list-doge-derivatives-after-meme-coin-volumes-jump-683/,Shaurya Malwa,,,1.0,2020-07-04 01:57:33.188606,[Timestamp('2020-07-04 01:57:33.188606')],,cryptoslate,Okex,Three of the largest cryptocurrency exchanges listed Dogecoin earlier today after the meme-currency jumped 50 percent in two days. ,,post-138819,"Binance, Bitfinex, OKEx list DOGE derivatives after meme-coin volume jumps 683% Three of the largest cryptocurrency exchanges listed Dogecoin earlier today after the meme-currency jumped 50 percent in two days. ","Binance, Bitfinex, OKEx list DOGE derivatives after meme-coin volume jumps 683%"
4,https://cryptoslate.com/crypto-derivatives-will-be-five-to-10-times-larger-than-spot-says-okex-exec/,Christina Comben,,,1.0,2020-03-06 01:57:33.188792,[Timestamp('2020-03-06 01:57:33.188792')],,cryptoslate,Okex,OKEx has come a long way. ,,post-128124,"Crypto derivatives will be ‘five to 10 times larger’ than spot, says OKEx exec OKEx has come a long way. ","Crypto derivatives will be ‘five to 10 times larger’ than spot, says OKEx exec"
0,https://cryptoslate.com/sibex-makes-decentralized-cross-border-otc-a-reality/,News Desk,,,1.0,2020-06-04 01:57:46.617224,[Timestamp('2020-06-04 01:57:46.617224')],,cryptoslate,OTC,"SIBEX, the Swiss-based decentralized OTC Dark Pool just executed the first seven-figure trade on its platform.  SIBEX is increasing traction and volume from OTC traders all around the world since the platform went live in late April. ",,post-135594,"SIBEX makes decentralized cross-border OTC a reality SIBEX, the Swiss-based decentralized OTC Dark Pool just executed the first seven-figure trade on its platform.  SIBEX is increasing traction and volume from OTC traders all around the world since the platform went live in late April. ",SIBEX makes decentralized cross-border OTC a reality
1,https://cryptoslate.com/crypto-otc-desks-report-record-institutional-selling-after-bitcoin-crossed-9000/,Shaurya Malwa,,,1.0,2020-05-05 01:57:46.617456,[Timestamp('2020-05-05 01:57:46.617456')],,cryptoslate,OTC,"Ahead of Bitcoin’s upcoming halving on May 12, the cryptocurrency market is seeing a resurgence of sorts as most digital assets returned over 50 percent to investors through April. ",,post-132206,"Crypto OTC desks report “record” institutional selling after Bitcoin crossed $9,000 Ahead of Bitcoin’s upcoming halving on May 12, the cryptocurrency market is seeing a resurgence of sorts as most digital assets returned over 50 percent to investors through April. ","Crypto OTC desks report “record” institutional selling after Bitcoin crossed $9,000"
2,https://cryptoslate.com/ripple-reveals-only-1-75-million-in-otc-institutional-sales-but-massive-xrp-trade-volumes-in-2020/,Shaurya Malwa,,,1.0,2020-05-05 01:57:46.617656,[Timestamp('2020-05-05 01:57:46.617656')],,cryptoslate,OTC,"Ripple Lab’s Q1 Markets Report for 2020, a quarterly publication detailing XRP’s growth, revealed a massive 90 percent drop in institutional token sales compared to the last quarter of 2019. ",,post-132209,"Ripple reveals only $1.75 million in OTC institutional sales but massive XRP trade volumes in 2020 Ripple Lab’s Q1 Markets Report for 2020, a quarterly publication detailing XRP’s growth, revealed a massive 90 percent drop in institutional token sales compared to the last quarter of 2019. ",Ripple reveals only $1.75 million in OTC institutional sales but massive XRP trade volumes in 2020
3,https://cryptoslate.com/btse-crypto-exchange-launches-new-bitcoin-otc-trading-tool/,Priyeshu Garg,,,1.0,2020-05-05 01:57:46.617850,[Timestamp('2020-05-05 01:57:46.617850')],,cryptoslate,OTC,Cryptocurrency derivatives exchange BTSE has announced the launch of a new tool that will make it easier to access OTC trading on the platform. ,,post-131444,Bitcoin OTC trading just became easier with a new quote tool from BTSE Cryptocurrency derivatives exchange BTSE has announced the launch of a new tool that will make it easier to access OTC trading on the platform. ,Bitcoin OTC trading just became easier with a new quote tool from BTSE
0,https://cryptoslate.com/yearn-finance-yfi-now-back-at-price-parity-with-bitcoin-after-spiking-to-44k/,Nick Chong,,,1.0,2020-10-29 01:57:56.956627,[Timestamp('2020-10-29 01:57:56.956627')],,cryptoslate,Parity,"Shortly after Yearn.finance’s YFI coin launched in July, changing the Ethereum DeFi world forever, the pseudonymous Crypto Twitter personality “Blue Kirby” began to popularize the “1 YFI = 1 BTC” meme. ",,post-174828,"Yearn.finance (YFI) now back at price parity with Bitcoin after spiking to $44k Shortly after Yearn.finance’s YFI coin launched in July, changing the Ethereum DeFi world forever, the pseudonymous Crypto Twitter personality “Blue Kirby” began to popularize the “1 YFI = 1 BTC” meme. ",Yearn.finance (YFI) now back at price parity with Bitcoin after spiking to $44k
1,https://cryptoslate.com/parity-developer-confirms-ethereum-2-0-schlesi-multiclient-testnet-is-live/,Shaurya Malwa,,,1.0,2020-05-05 01:57:56.956852,[Timestamp('2020-05-05 01:57:56.956852')],,cryptoslate,Parity,"Afri Schoeden, one of the lead developers at Parity Technologies, confirmed via Twitter on April 27 the important “Schlesi” multiclient testnet for Ethereum is now running. ",,post-131926,"Parity Developer confirms Ethereum 2.0 “Schlesi” multiclient testnet is live Afri Schoeden, one of the lead developers at Parity Technologies, confirmed via Twitter on April 27 the important “Schlesi” multiclient testnet for Ethereum is now running. ",Parity Developer confirms Ethereum 2.0 “Schlesi” multiclient testnet is live
0,https://cryptoslate.com/shapeshift-employee-allegedly-stole-900000-in-bitcoin-from-company-accounts/,Shaurya Malwa,,,1.0,2020-09-02 01:58:12.894992,[Timestamp('2020-09-02 01:58:12.894992')],,cryptoslate,ShapeShift,"Crypto firm ShapeShift filed a civil action against a former employee of its engineering team who allegedly stole over 90 Bitcoin from company accounts, court documents show. ",,post-171029,"ShapeShift employee allegedly stole $900,000 in Bitcoin from company accounts Crypto firm ShapeShift filed a civil action against a former employee of its engineering team who allegedly stole over 90 Bitcoin from company accounts, court documents show. ","ShapeShift employee allegedly stole $900,000 in Bitcoin from company accounts"
1,https://cryptoslate.com/shapeshift-ceo-erik-voorhees-bitcoin-has-an-80-chance-it-will-hit-50k-within-a-year/,Ali Martinez,,,1.0,2020-05-05 01:58:12.895196,[Timestamp('2020-05-05 01:58:12.895196')],,cryptoslate,ShapeShift,"In a recent AMA session during the first-ever BlockDown remote crypto conference, Erik Voorhees, CEO of ShapeShift, gave his prediction about what the future holds for the flagship cryptocurrency. ",,post-131214,"Shapeshift CEO Erik Voorhees: Bitcoin has an 80% chance it will hit $50k within a year In a recent AMA session during the first-ever BlockDown remote crypto conference, Erik Voorhees, CEO of ShapeShift, gave his prediction about what the future holds for the flagship cryptocurrency. ",Shapeshift CEO Erik Voorhees: Bitcoin has an 80% chance it will hit $50k within a year
